id,fname,lname,email,gender,contactno,country,dob
1,Noor,Garcia,noor889@gmail.com,Female,2605095047,Bangladesh,24/03/1989
2,Sana,Santos,sana371@gmail.com,Female,5073845075,Christmas Island,20/12/1969
3,Ali,Medina,ali626@gmail.com,Male,7385933050,Nauru,24/09/1997
4,Hadia,Hays,hadia737@gmail.com,Female,3210229635,Iraq,28/11/1986
5,Zain,King,zain533@gmail.com,Male,5909139762,Korea,23/06/1977
6,Ali,Summers,ali542@gmail.com,Male,6217568659,Costa Rica,11/09/1972
7,Sana,Jones,sana151@gmail.com,Female,8774803847,Bahrain,05/06/1954
8,Zain,Thompson,zain407@gmail.com,Male,8740523200,Argentina,08/07/1945
9,Hafsa,Carr,hafsa326@gmail.com,Female,2640360118,Andorra,06/07/1962
10,Sana,Davis,sana653@gmail.com,Female,8377524109,Anguilla,07/06/1960
11,Ayaan,Campbell,ayaan936@gmail.com,Male,5467342748,Vanuatu,07/05/1950
12,Noor,Garcia,noor484@gmail.com,Female,7615874649,Austria,23/07/1952
13,Inaya,Garrett,inaya237@gmail.com,Female,9373411640,Indonesia,25/07/1968
14,Ibrahim,Reid,ibrahim640@gmail.com,Male,9173498761,Somalia,15/07/1977
15,Yusuf,Morrison,yusuf339@gmail.com,Male,8615368901,Kuwait,17/04/1962
16,Hamza,Flores,hamza127@gmail.com,Male,3020163536,Belarus,03/10/2002
17,Ayaan,Ryan,ayaan599@gmail.com,Male,5347453411,Micronesia,10/11/2004
18,Aisha,Charles,aisha163@gmail.com,Female,5587240316,Suriname,29/04/1962
19,Ali,Brown,ali413@gmail.com,Male,8457102672,Solomon Islands,05/10/1993
20,Ali,Brown,ali450@gmail.com,Male,9843480068,New Zealand,24/11/2002
21,Hamza,Larson,hamza845@gmail.com,Male,2567914810,Tunisia,31/07/1981
22,Ayaan,James,ayaan943@gmail.com,Male,1105411389,Benin,19/08/1979
23,Ahmed,Smith,ahmed998@gmail.com,Male,3515798501,Russian Federation,23/09/1988
24,Khalid,Martin,khalid161@gmail.com,Male,6391201506,Grenada,21/04/1949
25,Zain,Williams,zain318@gmail.com,Male,4509884264,Morocco,11/10/1974
26,Noor,Keith,noor151@gmail.com,Female,3489310874,French Guiana,15/02/1948
27,Hafsa,Rhodes,hafsa580@gmail.com,Female,1382882927,Tuvalu,17/10/1959
28,Aisha,Brown,aisha856@gmail.com,Female,8194312656,New Zealand,18/07/1964
29,Hassan,Taylor,hassan766@gmail.com,Male,7751684317,Saint Vincent and the Grenadines,20/06/2005
30,Ahmed,Monroe,ahmed801@gmail.com,Male,4942757881,Jersey,02/04/1989
31,Maryam,Franklin,maryam644@gmail.com,Female,5498823440,Western Sahara,07/09/1969
32,Hassan,Spencer,hassan377@gmail.com,Male,2427763838,United States Virgin Islands,21/03/1978
33,Omar,Henderson,omar788@gmail.com,Male,9811163173,New Zealand,05/01/1976
34,Hadia,Cross,hadia831@gmail.com,Female,7284779432,Swaziland,05/01/1983
35,Fatima,Montes,fatima165@gmail.com,Female,8713022638,Peru,11/06/2002
36,Hafsa,Oliver,hafsa795@gmail.com,Female,7163837709,Tanzania,06/06/1950
37,Hamza,Navarro,hamza891@gmail.com,Male,6215821288,Bulgaria,13/02/2001
38,Hamza,Conway,hamza526@gmail.com,Male,3045670142,Moldova,10/06/1966
39,Ahmed,Williams,ahmed241@gmail.com,Male,2978180352,Myanmar,15/08/1996
40,Hafsa,Hahn,hafsa746@gmail.com,Female,1758043571,Sweden,10/05/2003
41,Ahmed,Price,ahmed981@gmail.com,Male,3029592413,South Africa,22/07/1993
42,Ahmed,Garcia,ahmed489@gmail.com,Male,2703284195,Myanmar,29/12/1952
43,Aisha,Garcia,aisha440@gmail.com,Female,4486548435,Iraq,10/07/1956
44,Leena,Brown,leena851@gmail.com,Female,2525229597,Yemen,19/04/1992
45,Sana,Howell,sana788@gmail.com,Female,9604158965,Greece,14/09/1978
46,Sana,Fernandez,sana652@gmail.com,Female,4838450705,Haiti,14/02/1987
47,Hafsa,Jensen,hafsa472@gmail.com,Female,6218824594,Australia,03/04/1968
48,Hamza,Tran,hamza149@gmail.com,Male,5793955304,Panama,27/08/1975
49,Omar,Wright,omar535@gmail.com,Male,4928456753,Northern Mariana Islands,22/04/1981
50,Ali,Walker,ali371@gmail.com,Male,4267906259,Cocos (Keeling) Islands,08/09/1996
51,Khalid,Daniels,khalid733@gmail.com,Male,5754180597,Somalia,05/03/1961
52,Hafsa,Smith,hafsa802@gmail.com,Female,4646368141,United Arab Emirates,13/09/1984
53,Maryam,Brown,maryam236@gmail.com,Female,4198218336,Mayotte,01/12/1994
54,Zara,Cooper,zara318@gmail.com,Female,5644702458,Niger,12/11/1953
55,Khalid,Beck,khalid440@gmail.com,Male,7090645341,Congo,25/09/1982
56,Maryam,Stewart,maryam799@gmail.com,Female,6882357615,Sudan,02/12/1953
57,Hadia,Silva,hadia138@gmail.com,Female,1897907113,American Samoa,24/04/1947
58,Hadia,Crawford,hadia871@gmail.com,Female,7223817806,Guernsey,21/03/1950
59,Inaya,Johnson,inaya222@gmail.com,Female,3248327733,Switzerland,11/08/1994
60,Noor,Wilson,noor181@gmail.com,Female,3596402029,Christmas Island,10/02/1967
61,Ali,Johnson,ali290@gmail.com,Male,6267376522,Bouvet Island (Bouvetoya),12/11/1958
62,Fatima,Weaver,fatima144@gmail.com,Female,4138032334,Venezuela,27/06/1966
63,Hassan,Terrell,hassan347@gmail.com,Male,5971211723,Peru,06/09/1997
64,Leena,Ward,leena359@gmail.com,Female,1319248447,Saint Vincent and the Grenadines,29/06/1970
65,Ahmed,Morgan,ahmed414@gmail.com,Male,1160410758,Estonia,03/12/2001
66,Yusuf,Mack,yusuf953@gmail.com,Male,3376570273,Armenia,20/07/2004
67,Hafsa,Brown,hafsa211@gmail.com,Female,3143611660,Libyan Arab Jamahiriya,19/03/1997
68,Omar,Oliver,omar853@gmail.com,Male,8095447530,Belarus,08/11/1974
69,Ahmed,Washington,ahmed838@gmail.com,Male,1343714781,Japan,19/12/1974
70,Noor,Benjamin,noor479@gmail.com,Female,4278724764,Taiwan,27/09/1946
71,Noor,Love,noor147@gmail.com,Female,2233756711,Timor-Leste,09/12/1990
72,Omar,Gardner,omar332@gmail.com,Male,3338038584,Saint Kitts and Nevis,05/01/1968
73,Aisha,Hudson,aisha323@gmail.com,Female,4872692598,San Marino,26/09/1956
74,Zara,Thompson,zara811@gmail.com,Female,5452055259,Trinidad and Tobago,11/01/1992
75,Fatima,Hammond,fatima538@gmail.com,Female,7950700431,Chad,17/11/1957
76,Sana,Perez,sana367@gmail.com,Female,4293884034,Bermuda,22/09/1999
77,Noor,Howard,noor885@gmail.com,Female,5014278038,Saint Vincent and the Grenadines,21/08/1975
78,Fatima,Collins,fatima960@gmail.com,Female,4142104294,Saint Lucia,17/07/2005
79,Aisha,Freeman,aisha776@gmail.com,Female,2931842556,India,16/05/2002
80,Hafsa,Mitchell,hafsa118@gmail.com,Female,1152766498,Turks and Caicos Islands,21/03/1996
81,Ahmed,Richmond,ahmed732@gmail.com,Male,5285609044,Indonesia,29/09/1990
82,Ayaan,Martinez,ayaan519@gmail.com,Male,9627769786,Sudan,08/06/1996
83,Hafsa,Bryant,hafsa884@gmail.com,Female,4081180844,Turkey,10/05/1964
84,Khalid,Mills,khalid581@gmail.com,Male,1411232905,Fiji,14/09/1951
85,Fatima,Johnson,fatima259@gmail.com,Female,1877810074,Bermuda,09/03/1982
86,Maryam,Grant,maryam591@gmail.com,Female,4988200279,Palestinian Territory,02/04/1997
87,Yusuf,Williams,yusuf459@gmail.com,Male,8225108812,Sweden,31/08/1961
88,Maryam,Lee,maryam488@gmail.com,Female,2063599407,Heard Island and McDonald Islands,26/12/1960
89,Yusuf,Johnson,yusuf570@gmail.com,Male,5117247126,Faroe Islands,16/08/1972
90,Noor,Hawkins,noor905@gmail.com,Female,2520554238,Croatia,29/04/1984
91,Zain,Harrison,zain143@gmail.com,Male,3338418158,Cuba,23/07/1965
92,Aisha,Taylor,aisha325@gmail.com,Female,1145513984,United States of America,09/04/1959
93,Noor,Odom,noor100@gmail.com,Female,4637523737,Cyprus,20/11/1980
94,Ali,Berg,ali476@gmail.com,Male,5508975458,Georgia,14/10/1944
95,Zara,Nelson,zara544@gmail.com,Female,6649966674,Montserrat,30/01/1972
96,Omar,Andrews,omar458@gmail.com,Male,5826741739,Comoros,25/12/1954
97,Zain,Solis,zain564@gmail.com,Male,2670822641,Germany,26/12/1960
98,Hafsa,Terry,hafsa331@gmail.com,Female,4770533230,Saint Lucia,03/07/1954
99,Aisha,Davis,aisha567@gmail.com,Female,1112968241,Macedonia,15/12/1990
100,Hassan,Ramsey,hassan740@gmail.com,Male,8167599141,Finland,11/03/1993
101,Inaya,Adams,inaya979@gmail.com,Female,9337451053,Burundi,06/10/1967
102,Zain,Wise,zain438@gmail.com,Male,1913242313,Korea,09/05/1949
103,Fatima,Johnson,fatima204@gmail.com,Female,7997890983,Italy,19/04/1949
104,Yusuf,Gates,yusuf440@gmail.com,Male,4591916155,Romania,27/01/1949
105,Noor,Brandt,noor844@gmail.com,Female,7742644253,Svalbard & Jan Mayen Islands,31/08/1950
106,Zain,Davis,zain195@gmail.com,Male,8714275796,Georgia,27/11/1993
107,Yusuf,Carter,yusuf446@gmail.com,Male,7834055284,Cuba,13/01/1961
108,Ali,Armstrong,ali164@gmail.com,Male,8667646056,Aruba,29/06/1981
109,Leena,Wright,leena771@gmail.com,Female,2507755173,Qatar,17/08/1960
110,Leena,Cummings,leena292@gmail.com,Female,6868208464,Chad,11/09/1958
111,Hafsa,Thompson,hafsa743@gmail.com,Female,4771612724,Martinique,03/11/1981
112,Zara,Howard,zara915@gmail.com,Female,5839463026,Malta,19/09/2003
113,Ibrahim,Young,ibrahim648@gmail.com,Male,1523725121,Trinidad and Tobago,15/10/1967
114,Hamza,Gill,hamza141@gmail.com,Male,6422019404,Morocco,25/03/1972
115,Fatima,Hobbs,fatima858@gmail.com,Female,6881612748,Turkmenistan,28/02/2000
116,Hafsa,Oliver,hafsa896@gmail.com,Female,3751009785,Uzbekistan,31/05/1995
117,Zara,Snow,zara359@gmail.com,Female,7149277503,Tokelau,05/07/1948
118,Ahmed,Barker,ahmed528@gmail.com,Male,4333877241,Uzbekistan,13/11/1947
119,Noor,Sanders,noor374@gmail.com,Female,7668480009,Austria,19/02/2004
120,Ali,Huffman,ali817@gmail.com,Male,7337096032,Jordan,01/08/1945
121,Ali,Miller,ali570@gmail.com,Male,3562829543,Faroe Islands,13/05/1949
122,Khalid,Villarreal,khalid869@gmail.com,Male,1459620662,Bangladesh,13/06/2001
123,Sana,James,sana577@gmail.com,Female,8618518923,San Marino,02/02/1968
124,Noor,Adams,noor446@gmail.com,Female,6657088704,Swaziland,29/06/1953
125,Khalid,Green,khalid844@gmail.com,Male,9077067880,Martinique,17/09/1968
126,Zara,Avila,zara516@gmail.com,Female,8876054759,Sierra Leone,24/01/1947
127,Hassan,Carr,hassan275@gmail.com,Male,3428393365,Libyan Arab Jamahiriya,01/02/1975
128,Khalid,Doyle,khalid437@gmail.com,Male,2128742421,Burkina Faso,07/07/1991
129,Leena,Estrada,leena787@gmail.com,Female,3206933938,Antarctica (the territory South of 60 deg S),07/11/1991
130,Yusuf,Ruiz,yusuf687@gmail.com,Male,9926277390,Pitcairn Islands,26/05/1980
131,Hadia,Nash,hadia951@gmail.com,Female,7513818652,Sudan,24/04/1982
132,Zara,Meyer,zara360@gmail.com,Female,9826757702,Honduras,18/10/1970
133,Ali,Hampton,ali602@gmail.com,Male,9171278682,Bhutan,02/09/1949
134,Ibrahim,Steele,ibrahim261@gmail.com,Male,8318105716,Jersey,06/09/1957
135,Khalid,Rogers,khalid171@gmail.com,Male,1305570774,Anguilla,23/01/1960
136,Sana,Brown,sana806@gmail.com,Female,9407551138,Chad,02/04/2000
137,Khalid,Clayton,khalid339@gmail.com,Male,5154838401,Palestinian Territory,02/10/1995
138,Noor,Weber,noor692@gmail.com,Female,1076742330,Cuba,13/11/1954
139,Leena,Gray,leena534@gmail.com,Female,5758563314,Cameroon,02/11/1972
140,Aisha,Mayo,aisha730@gmail.com,Female,3135290287,Estonia,12/10/1962
141,Hafsa,Greene,hafsa813@gmail.com,Female,3294120314,Peru,10/01/2003
142,Fatima,Rosario,fatima925@gmail.com,Female,8767105776,Cameroon,25/07/1965
143,Omar,Garcia,omar769@gmail.com,Male,8291916621,Saudi Arabia,08/07/1993
144,Khalid,Bean,khalid347@gmail.com,Male,7157800907,Venezuela,10/07/2005
145,Sana,Hill,sana641@gmail.com,Female,5559897349,New Caledonia,07/06/1965
146,Ali,Horton,ali720@gmail.com,Male,4222835675,Greece,03/08/1993
147,Fatima,Morrison,fatima802@gmail.com,Female,1283607229,Jordan,04/12/1995
148,Leena,Johnson,leena565@gmail.com,Female,9645046590,Gambia,30/12/2003
149,Omar,Jones,omar885@gmail.com,Male,6452540202,Namibia,08/06/1981
150,Ali,Crane,ali605@gmail.com,Male,7957133758,Kenya,31/10/1998
151,Ibrahim,Willis,ibrahim519@gmail.com,Male,9433855433,Kiribati,31/05/1974
152,Ayaan,Hartman,ayaan680@gmail.com,Male,8204846097,Indonesia,28/08/1970
153,Ahmed,Reed,ahmed431@gmail.com,Male,5765986934,Cambodia,13/02/1964
154,Fatima,Brown,fatima976@gmail.com,Female,5907742323,Cuba,22/06/1989
155,Yusuf,Buckley,yusuf398@gmail.com,Male,7373177213,Australia,26/10/1953
156,Hadia,Rice,hadia604@gmail.com,Female,8897417952,Australia,02/08/1979
157,Aisha,Rose,aisha487@gmail.com,Female,8619518137,Guadeloupe,29/03/1950
158,Aisha,Hall,aisha567@gmail.com,Female,6868148389,Latvia,13/10/2005
159,Yusuf,Bailey,yusuf294@gmail.com,Male,9841933422,Cyprus,03/01/2006
160,Hafsa,Barajas,hafsa660@gmail.com,Female,9175331072,Albania,02/07/1945
161,Noor,Gillespie,noor310@gmail.com,Female,5394009847,Korea,12/09/1964
162,Sana,Copeland,sana809@gmail.com,Female,2100238066,Portugal,26/02/1989
163,Hadia,Andrews,hadia942@gmail.com,Female,6482703658,Saudi Arabia,04/10/1958
164,Ahmed,Burton,ahmed442@gmail.com,Male,1123163072,Barbados,19/08/1997
165,Fatima,Marshall,fatima730@gmail.com,Female,4125215342,Montserrat,01/10/1964
166,Zain,Avery,zain260@gmail.com,Male,8251507180,Malawi,25/06/2002
167,Hassan,Lopez,hassan516@gmail.com,Male,9347055551,India,07/06/1964
168,Khalid,Wiggins,khalid106@gmail.com,Male,2405362546,British Virgin Islands,09/03/1955
169,Ayaan,Mcdaniel,ayaan595@gmail.com,Male,7847270789,Algeria,09/01/1962
170,Sana,Martinez,sana103@gmail.com,Female,6950835781,Georgia,09/02/1952
171,Yusuf,Osborn,yusuf222@gmail.com,Male,8039322427,Belgium,19/07/1965
172,Hafsa,Russell,hafsa189@gmail.com,Female,2831221260,Cameroon,09/01/1975
173,Zara,Perez,zara658@gmail.com,Female,3834501356,Suriname,08/10/1975
174,Ayaan,Wright,ayaan976@gmail.com,Male,7334974368,Turkey,01/02/1966
175,Omar,Howell,omar359@gmail.com,Male,7094911910,Cameroon,21/09/1949
176,Zara,Wells,zara860@gmail.com,Female,6085231291,Bahamas,19/09/2003
177,Fatima,Maxwell,fatima158@gmail.com,Female,9117552575,Kuwait,03/06/1958
178,Zain,Casey,zain117@gmail.com,Male,9850359939,Austria,04/02/1946
179,Omar,Cunningham,omar745@gmail.com,Male,2318144414,Marshall Islands,09/08/1964
180,Fatima,George,fatima641@gmail.com,Female,4968289411,Senegal,27/06/1992
181,Hadia,Wade,hadia821@gmail.com,Female,3482631038,Guatemala,20/05/1972
182,Hamza,Galloway,hamza555@gmail.com,Male,8227947664,Greece,18/05/1978
183,Hassan,Robinson,hassan611@gmail.com,Male,1142973238,Dominican Republic,11/08/1977
184,Fatima,Rivera,fatima164@gmail.com,Female,1648289196,Montenegro,27/07/1968
185,Leena,Cochran,leena810@gmail.com,Female,7380525468,Korea,22/12/1962
186,Zara,Hall,zara679@gmail.com,Female,7670556675,Korea,14/09/2001
187,Omar,Wright,omar894@gmail.com,Male,8811970905,Aruba,04/06/2003
188,Ibrahim,Fischer,ibrahim615@gmail.com,Male,2822760141,Micronesia,01/03/1946
189,Leena,Jackson,leena903@gmail.com,Female,3435525663,Guyana,02/08/1981
190,Leena,Phillips,leena171@gmail.com,Female,9319966409,New Zealand,02/05/1961
191,Fatima,Martinez,fatima840@gmail.com,Female,2185330085,Somalia,17/04/1965
192,Ibrahim,Owens,ibrahim427@gmail.com,Male,7515403121,Guadeloupe,26/03/1949
193,Hafsa,Thompson,hafsa982@gmail.com,Female,6822260925,Bosnia and Herzegovina,20/01/1968
194,Ayaan,Perez,ayaan968@gmail.com,Male,8281807695,Ethiopia,22/07/1967
195,Fatima,Smith,fatima908@gmail.com,Female,1027783707,Greece,05/03/1993
196,Khalid,Guerrero,khalid901@gmail.com,Male,3152705600,Togo,09/06/1950
197,Fatima,Lozano,fatima666@gmail.com,Female,8679970277,Netherlands,28/07/2000
198,Hadia,Scott,hadia384@gmail.com,Female,6939770516,Bolivia,10/08/1962
199,Inaya,Richardson,inaya279@gmail.com,Female,5258265512,Ukraine,02/06/1996
200,Maryam,Jones,maryam794@gmail.com,Female,8971176705,Saint Helena,25/01/1988
201,Inaya,King,inaya214@gmail.com,Female,6585653435,Moldova,20/11/2003
202,Ali,Turner,ali972@gmail.com,Male,1992850127,Gabon,24/02/1960
203,Yusuf,Barnett,yusuf927@gmail.com,Male,9740558309,Mauritania,02/01/1988
204,Ali,Conner,ali846@gmail.com,Male,2315642674,Papua New Guinea,22/04/1976
205,Hadia,Gonzalez,hadia303@gmail.com,Female,5844039580,Oman,18/02/1971
206,Ibrahim,Garcia,ibrahim849@gmail.com,Male,8519976685,Guernsey,22/03/1973
207,Maryam,Robinson,maryam991@gmail.com,Female,4643893554,Bahamas,31/07/1957
208,Inaya,Campbell,inaya586@gmail.com,Female,2043115525,Myanmar,22/06/1953
209,Leena,Price,leena350@gmail.com,Female,8210896397,Solomon Islands,27/02/1968
210,Inaya,Schwartz,inaya617@gmail.com,Female,2149002427,Palau,04/04/1965
211,Hassan,Montgomery,hassan328@gmail.com,Male,6902790400,American Samoa,05/09/1952
212,Yusuf,Sloan,yusuf293@gmail.com,Male,2209451135,Tanzania,03/05/2000
213,Khalid,Nguyen,khalid993@gmail.com,Male,5492364150,Bahrain,16/09/1988
214,Sana,Harris,sana512@gmail.com,Female,2660956957,Tokelau,04/03/1970
215,Sana,Marsh,sana666@gmail.com,Female,4928841909,Heard Island and McDonald Islands,10/05/1987
216,Omar,Price,omar380@gmail.com,Male,7649427167,Lebanon,21/09/1981
217,Fatima,Watts,fatima326@gmail.com,Female,5838552996,United States Virgin Islands,28/08/1943
218,Ibrahim,Cole,ibrahim367@gmail.com,Male,8189536409,Pakistan,14/12/1993
219,Ahmed,Cooper,ahmed266@gmail.com,Male,9335024130,Serbia,15/07/1995
220,Ali,Smith,ali767@gmail.com,Male,6540170323,Thailand,12/04/1950
221,Sana,Ortiz,sana664@gmail.com,Female,3432777284,Micronesia,10/09/1978
222,Zara,Lee,zara179@gmail.com,Female,9406642527,Lebanon,24/10/1989
223,Maryam,Diaz,maryam472@gmail.com,Female,3524971928,Marshall Islands,23/03/1959
224,Zara,Colon,zara883@gmail.com,Female,5463298785,Trinidad and Tobago,03/07/1954
225,Omar,Hill,omar821@gmail.com,Male,4978780150,United Kingdom,16/02/1971
226,Yusuf,Armstrong,yusuf308@gmail.com,Male,1925130800,Congo,07/09/1987
227,Hassan,Williams,hassan591@gmail.com,Male,7066662467,Egypt,04/02/1949
228,Zara,Holland,zara220@gmail.com,Female,4051239266,Congo,09/04/1961
229,Hafsa,Watson,hafsa908@gmail.com,Female,5530737544,United States of America,19/04/2006
230,Hafsa,Ortega,hafsa451@gmail.com,Female,9544006903,Taiwan,17/05/1981
231,Hadia,Cunningham,hadia322@gmail.com,Female,4015681455,Puerto Rico,10/06/1968
232,Fatima,Smith,fatima609@gmail.com,Female,3460722897,Saint Martin,05/03/1967
233,Ayaan,George,ayaan933@gmail.com,Male,9363462801,Serbia,14/06/1964
234,Leena,Anthony,leena266@gmail.com,Female,6613684798,Nigeria,04/09/2001
235,Ayaan,Cook,ayaan661@gmail.com,Male,1744245793,Morocco,17/10/2004
236,Zain,Levy,zain474@gmail.com,Male,2797045497,Cook Islands,21/03/1945
237,Leena,Alvarez,leena234@gmail.com,Female,1084189953,British Indian Ocean Territory (Chagos Archipelago),10/03/1944
238,Sana,Chan,sana748@gmail.com,Female,2107813515,Belarus,18/07/1953
239,Leena,Mendoza,leena981@gmail.com,Female,7901635544,Bahrain,25/06/1963
240,Zara,Smith,zara188@gmail.com,Female,7446158803,United States Minor Outlying Islands,06/11/1977
241,Aisha,Dunn,aisha361@gmail.com,Female,5098406288,New Zealand,10/01/1957
242,Zara,Thompson,zara443@gmail.com,Female,4107158008,Korea,01/03/1990
243,Maryam,Brown,maryam722@gmail.com,Female,4453356817,Yemen,05/11/2002
244,Zain,Singh,zain286@gmail.com,Male,3721020658,Palestinian Territory,06/02/1980
245,Leena,Mcdaniel,leena597@gmail.com,Female,4718483348,Haiti,30/01/1954
246,Hafsa,Perez,hafsa901@gmail.com,Female,6045254169,Bahamas,24/03/1953
247,Hassan,Conway,hassan411@gmail.com,Male,1777420804,Sudan,07/02/1949
248,Noor,Johnson,noor717@gmail.com,Female,1945821336,Brunei Darussalam,13/10/1989
249,Khalid,Cooper,khalid878@gmail.com,Male,4028844425,Haiti,29/06/1978
250,Aisha,Banks,aisha381@gmail.com,Female,6478013648,Vanuatu,25/04/1985
251,Inaya,Collins,inaya914@gmail.com,Female,7111821034,Gibraltar,30/12/1957
252,Hadia,Pacheco,hadia499@gmail.com,Female,1361898653,Ukraine,11/11/1948
253,Sana,Leonard,sana418@gmail.com,Female,3881567218,Micronesia,21/10/1986
254,Sana,Castro,sana391@gmail.com,Female,4410317234,Wallis and Futuna,04/05/2000
255,Sana,Medina,sana671@gmail.com,Female,4788920549,Congo,26/02/1990
256,Hadia,Knapp,hadia187@gmail.com,Female,7652102694,Lebanon,22/04/1956
257,Omar,Morrison,omar718@gmail.com,Male,8119865219,Moldova,25/10/1978
258,Hamza,Davis,hamza953@gmail.com,Male,5820791197,Bosnia and Herzegovina,14/05/1956
259,Inaya,King,inaya389@gmail.com,Female,8589436387,Barbados,29/11/1996
260,Hassan,Cline,hassan593@gmail.com,Male,3634753466,Syrian Arab Republic,13/12/1958
261,Leena,Young,leena112@gmail.com,Female,7735851715,San Marino,14/06/1960
262,Ahmed,Porter,ahmed193@gmail.com,Male,3637428429,Tuvalu,05/10/1977
263,Omar,Hernandez,omar901@gmail.com,Male,3842785369,Antigua and Barbuda,16/09/1960
264,Hafsa,Smith,hafsa375@gmail.com,Female,8464996684,Maldives,01/04/1996
265,Hafsa,Bridges,hafsa689@gmail.com,Female,3431752387,Gambia,19/12/1973
266,Hafsa,White,hafsa166@gmail.com,Female,5923083721,Chad,19/04/1993
267,Zara,Mendoza,zara423@gmail.com,Female,8434685269,Bolivia,11/11/1965
268,Khalid,Rodriguez,khalid796@gmail.com,Male,4142020303,Northern Mariana Islands,05/08/2003
269,Ahmed,Flores,ahmed225@gmail.com,Male,6292236992,Nigeria,06/05/1985
270,Zara,Willis,zara508@gmail.com,Female,6628401077,Northern Mariana Islands,30/07/2002
271,Sana,Nelson,sana695@gmail.com,Female,1920462071,Kenya,13/04/1998
272,Inaya,Ramirez,inaya279@gmail.com,Female,7527030467,French Southern Territories,07/01/1985
273,Omar,Esparza,omar870@gmail.com,Male,6273344981,China,19/06/1995
274,Maryam,Choi,maryam886@gmail.com,Female,1758106458,Guatemala,09/01/1957
275,Hassan,Patterson,hassan367@gmail.com,Male,3447456042,Sweden,30/12/1969
276,Ayaan,Koch,ayaan478@gmail.com,Male,5453219636,Saint Pierre and Miquelon,16/07/1970
277,Ayaan,Rivera,ayaan225@gmail.com,Male,2294233881,Spain,11/07/1969
278,Aisha,Flores,aisha873@gmail.com,Female,4469090571,Germany,24/10/1995
279,Omar,Lara,omar849@gmail.com,Male,3600472714,United States Minor Outlying Islands,18/02/1948
280,Khalid,Horton,khalid665@gmail.com,Male,5890038390,Antigua and Barbuda,21/11/1977
281,Omar,Acosta,omar467@gmail.com,Male,7487815031,Cuba,08/03/1947
282,Hamza,Nguyen,hamza150@gmail.com,Male,5628953941,Latvia,19/11/1964
283,Fatima,Bauer,fatima117@gmail.com,Female,8740158925,San Marino,14/09/1948
284,Aisha,Cox,aisha910@gmail.com,Female,3233862915,Iran,10/03/1954
285,Noor,Dyer,noor952@gmail.com,Female,8390504154,Mayotte,30/11/1963
286,Ahmed,Williams,ahmed621@gmail.com,Male,6433073393,Samoa,15/08/1979
287,Hafsa,Williams,hafsa479@gmail.com,Female,3677909695,Luxembourg,15/06/1973
288,Omar,Hanson,omar184@gmail.com,Male,7078454250,Nicaragua,26/11/1983
289,Zara,Campbell,zara436@gmail.com,Female,8163462018,Malaysia,05/07/2002
290,Omar,Lloyd,omar550@gmail.com,Male,2006062633,Maldives,25/01/2002
291,Ali,Williams,ali193@gmail.com,Male,9881048762,Nauru,07/09/1995
292,Hassan,Stevens,hassan479@gmail.com,Male,6138945409,Russian Federation,11/12/1946
293,Leena,Weaver,leena173@gmail.com,Female,4350029866,Armenia,13/06/1983
294,Maryam,Nolan,maryam340@gmail.com,Female,5132971772,French Southern Territories,07/09/1981
295,Leena,Smith,leena745@gmail.com,Female,6474824626,Singapore,11/06/1990
296,Hamza,Ryan,hamza332@gmail.com,Male,3494177290,Spain,25/04/2002
297,Khalid,Shaw,khalid687@gmail.com,Male,9580555620,Romania,26/12/1945
298,Ali,Phillips,ali201@gmail.com,Male,5603481942,Sao Tome and Principe,10/02/1973
299,Maryam,Taylor,maryam878@gmail.com,Female,4467953326,Barbados,11/12/1998
300,Khalid,Mendoza,khalid350@gmail.com,Male,7154496136,Tunisia,15/10/1974
301,Hassan,Vega,hassan982@gmail.com,Male,6677724376,Romania,31/03/1949
302,Fatima,Rivers,fatima983@gmail.com,Female,5213971406,Argentina,03/07/1990
303,Yusuf,Lee,yusuf543@gmail.com,Male,8374669473,Swaziland,24/10/1947
304,Ahmed,Shaw,ahmed736@gmail.com,Male,2518472602,Saint Vincent and the Grenadines,08/08/1963
305,Ahmed,Smith,ahmed255@gmail.com,Male,8985898828,Wallis and Futuna,16/11/1998
306,Hassan,Mcbride,hassan486@gmail.com,Male,8949487490,San Marino,10/12/2005
307,Omar,Barr,omar506@gmail.com,Male,9186008029,Vanuatu,09/06/1990
308,Maryam,Jones,maryam822@gmail.com,Female,5950057706,Turkey,28/06/2003
309,Hadia,Martinez,hadia994@gmail.com,Female,1196234769,Algeria,19/09/1978
310,Leena,Cain,leena941@gmail.com,Female,5217725632,Nicaragua,10/10/1976
311,Ali,Jimenez,ali482@gmail.com,Male,6972998710,Cook Islands,16/02/2004
312,Noor,Friedman,noor713@gmail.com,Female,4817855656,Antigua and Barbuda,07/07/1946
313,Yusuf,Hunter,yusuf999@gmail.com,Male,9748801862,Turkmenistan,21/11/1958
314,Hamza,Barnes,hamza113@gmail.com,Male,7414508248,Saint Lucia,05/10/1951
315,Hadia,Davis,hadia362@gmail.com,Female,8115169495,Bahrain,30/06/1991
316,Leena,Ruiz,leena423@gmail.com,Female,9589920698,Falkland Islands (Malvinas),12/06/1970
317,Omar,Rodriguez,omar589@gmail.com,Male,9775003972,Botswana,01/11/1973
318,Ahmed,Smith,ahmed987@gmail.com,Male,7667960392,Mauritania,09/09/1980
319,Fatima,Munoz,fatima466@gmail.com,Female,3429991292,Maldives,17/10/1945
320,Yusuf,Nguyen,yusuf893@gmail.com,Male,4339089764,Serbia,24/11/1969
321,Maryam,Williams,maryam856@gmail.com,Female,3190938286,Greece,28/06/2006
322,Ayaan,Manning,ayaan395@gmail.com,Male,7025041433,Panama,15/12/1988
323,Hadia,Watson,hadia620@gmail.com,Female,3595795818,Botswana,06/02/1981
324,Aisha,Castillo,aisha147@gmail.com,Female,6567565296,Saint Vincent and the Grenadines,02/09/1996
325,Ali,Delgado,ali162@gmail.com,Male,5983949679,Norway,24/06/1990
326,Inaya,Curry,inaya474@gmail.com,Female,3092459953,Turks and Caicos Islands,14/07/1946
327,Ayaan,Watkins,ayaan778@gmail.com,Male,6861368601,Guatemala,06/06/1972
328,Fatima,Smith,fatima446@gmail.com,Female,6194731325,Kenya,09/04/2006
329,Ali,Nelson,ali662@gmail.com,Male,3022418454,Ethiopia,25/05/2005
330,Hadia,Payne,hadia233@gmail.com,Female,4662797311,New Caledonia,23/09/2001
331,Ibrahim,Chavez,ibrahim539@gmail.com,Male,2418208839,San Marino,30/10/2000
332,Yusuf,Martinez,yusuf403@gmail.com,Male,6512473907,Saint Kitts and Nevis,23/07/2005
333,Ibrahim,Parker,ibrahim318@gmail.com,Male,3692269366,Trinidad and Tobago,24/08/1979
334,Fatima,Harrison,fatima626@gmail.com,Female,4937779031,Belize,14/11/1965
335,Noor,Reed,noor175@gmail.com,Female,5305184391,Central African Republic,18/05/1949
336,Omar,Chan,omar284@gmail.com,Male,6865970354,Iraq,10/10/1947
337,Ibrahim,Barrett,ibrahim830@gmail.com,Male,3481601320,Uganda,08/09/1994
338,Ibrahim,Knox,ibrahim224@gmail.com,Male,1924452727,Pakistan,03/01/1977
339,Zara,Taylor,zara989@gmail.com,Female,9122354401,Korea,24/11/1988
340,Ahmed,Robinson,ahmed834@gmail.com,Male,2834247532,Bouvet Island (Bouvetoya),10/01/1969
341,Sana,Miller,sana886@gmail.com,Female,3422551993,Mali,14/07/1950
342,Ibrahim,White,ibrahim156@gmail.com,Male,3377884061,Suriname,24/09/1978
343,Omar,Ramos,omar450@gmail.com,Male,9074754407,Jamaica,21/06/1946
344,Omar,Wright,omar944@gmail.com,Male,4703149330,Fiji,19/09/1943
345,Hafsa,Knox,hafsa945@gmail.com,Female,8884138660,Bolivia,16/02/1970
346,Noor,Miller,noor125@gmail.com,Female,7043434496,Seychelles,03/02/1950
347,Hamza,Rivers,hamza314@gmail.com,Male,1087870856,Bermuda,14/07/1995
348,Maryam,Martinez,maryam468@gmail.com,Female,7614611304,Bahrain,03/05/1965
349,Khalid,Nicholson,khalid599@gmail.com,Male,1263772006,Albania,03/02/1948
350,Zain,Romero,zain295@gmail.com,Male,8749472622,Libyan Arab Jamahiriya,19/08/1956
351,Ali,Russell,ali691@gmail.com,Male,6931247144,Kuwait,15/08/1969
352,Ali,Williams,ali594@gmail.com,Male,5121594523,Pakistan,16/02/1957
353,Zain,Lopez,zain330@gmail.com,Male,6058480956,Indonesia,15/02/2000
354,Fatima,Crawford,fatima650@gmail.com,Female,1385721106,Tuvalu,07/05/1988
355,Ayaan,Turner,ayaan920@gmail.com,Male,6781270566,Holy See (Vatican City State),19/06/1970
356,Hafsa,Vazquez,hafsa830@gmail.com,Female,4583107082,Montenegro,09/02/1954
357,Omar,Willis,omar950@gmail.com,Male,7985664608,Cayman Islands,27/01/2004
358,Omar,Flores,omar543@gmail.com,Male,3819379456,Panama,01/10/1964
359,Sana,Baker,sana268@gmail.com,Female,2770459913,Christmas Island,19/04/1986
360,Aisha,Brown,aisha413@gmail.com,Female,5533400319,Dominican Republic,09/04/1989
361,Ali,Branch,ali943@gmail.com,Male,5236838468,Poland,30/07/1969
362,Aisha,Miller,aisha536@gmail.com,Female,6701485740,Kyrgyz Republic,26/03/1998
363,Khalid,Price,khalid131@gmail.com,Male,7679659141,Holy See (Vatican City State),01/10/1947
364,Hamza,Brown,hamza950@gmail.com,Male,8438851216,Saint Helena,29/09/1992
365,Yusuf,Mitchell,yusuf943@gmail.com,Male,3997785398,Maldives,06/01/2000
366,Sana,Jimenez,sana412@gmail.com,Female,6005805346,Denmark,01/07/1977
367,Aisha,Pope,aisha907@gmail.com,Female,2858916335,Latvia,26/03/1976
368,Ali,Fisher,ali501@gmail.com,Male,5868195947,Greece,03/12/1973
369,Aisha,Young,aisha663@gmail.com,Female,6150788433,Georgia,14/07/1977
370,Zain,Munoz,zain577@gmail.com,Male,9393756972,Cook Islands,26/03/1970
371,Inaya,Greer,inaya917@gmail.com,Female,8396429838,Kiribati,11/01/1944
372,Noor,Sanders,noor539@gmail.com,Female,9838374517,Romania,23/08/1986
373,Hassan,Navarro,hassan286@gmail.com,Male,3542468094,Pitcairn Islands,16/05/1984
374,Hamza,Boyle,hamza769@gmail.com,Male,9290975239,Angola,07/09/1959
375,Maryam,Roach,maryam359@gmail.com,Female,3821460631,Cyprus,05/05/1969
376,Fatima,Mata,fatima558@gmail.com,Female,4966232995,Cook Islands,02/01/1987
377,Yusuf,Reid,yusuf490@gmail.com,Male,6932978428,Gibraltar,15/08/2001
378,Ahmed,Wells,ahmed288@gmail.com,Male,5029495689,Lao People's Democratic Republic,26/07/1958
379,Hamza,Ward,hamza729@gmail.com,Male,2133299754,Burundi,13/03/1987
380,Yusuf,Munoz,yusuf936@gmail.com,Male,2619375720,Thailand,20/02/1951
381,Zara,Cain,zara936@gmail.com,Female,8088329684,Morocco,20/09/1978
382,Inaya,Velazquez,inaya844@gmail.com,Female,3063931593,El Salvador,08/11/1984
383,Aisha,Bell,aisha342@gmail.com,Female,5266201320,South Georgia and the South Sandwich Islands,12/10/1988
384,Hamza,Cantrell,hamza795@gmail.com,Male,5072794006,Somalia,20/07/1978
385,Fatima,Rodriguez,fatima928@gmail.com,Female,8031185163,Gabon,20/07/1979
386,Ibrahim,Moore,ibrahim698@gmail.com,Male,8285021754,Peru,18/03/1972
387,Yusuf,Ruiz,yusuf494@gmail.com,Male,6600537245,Equatorial Guinea,16/04/1969
388,Leena,Dorsey,leena254@gmail.com,Female,3461708367,Malta,26/09/1973
389,Ahmed,Simon,ahmed820@gmail.com,Male,8720924799,United States of America,30/12/1986
390,Noor,Harris,noor738@gmail.com,Female,4844391189,Lesotho,25/09/1961
391,Noor,Pollard,noor563@gmail.com,Female,6475103668,Djibouti,12/01/1948
392,Leena,Figueroa,leena325@gmail.com,Female,9786015636,New Caledonia,21/06/1967
393,Ibrahim,Mullen,ibrahim919@gmail.com,Male,3593222719,Uzbekistan,01/10/1952
394,Hadia,Blackwell,hadia808@gmail.com,Female,9734189370,France,04/09/1958
395,Ali,Church,ali530@gmail.com,Male,1447574304,Guinea-Bissau,20/04/1963
396,Fatima,Jones,fatima678@gmail.com,Female,6986481236,Iceland,05/08/1992
397,Leena,Ramirez,leena249@gmail.com,Female,7167229024,New Zealand,10/10/1995
398,Yusuf,Obrien,yusuf709@gmail.com,Male,4928573650,Lithuania,04/07/1992
399,Fatima,Nguyen,fatima472@gmail.com,Female,9940907529,Chile,19/09/1971
400,Hafsa,Jones,hafsa909@gmail.com,Female,3886401462,Latvia,02/11/1958
401,Ayaan,Trujillo,ayaan339@gmail.com,Male,8310661942,Cambodia,15/08/1987
402,Inaya,Hall,inaya903@gmail.com,Female,7428745929,Guernsey,05/12/1949
403,Hadia,Ramirez,hadia424@gmail.com,Female,5941362628,Mexico,14/07/2005
404,Sana,Atkins,sana718@gmail.com,Female,4282823234,Saint Kitts and Nevis,05/12/1947
405,Hadia,Robinson,hadia330@gmail.com,Female,9590591554,Togo,14/05/1971
406,Omar,Hunt,omar276@gmail.com,Male,8137022723,Burkina Faso,16/05/1971
407,Hadia,Giles,hadia695@gmail.com,Female,3912919794,Liechtenstein,11/10/1970
408,Yusuf,Espinoza,yusuf354@gmail.com,Male,4315844046,Greece,30/08/1983
409,Yusuf,Schultz,yusuf440@gmail.com,Male,4692246672,Madagascar,20/01/1974
410,Sana,Wright,sana994@gmail.com,Female,1340381537,Portugal,15/09/1985
411,Sana,Cook,sana703@gmail.com,Female,5714696876,Uruguay,16/02/1953
412,Khalid,Estrada,khalid124@gmail.com,Male,3799434643,Saint Vincent and the Grenadines,29/11/1945
413,Omar,Carson,omar112@gmail.com,Male,7172853083,Vanuatu,18/06/2003
414,Zara,Rogers,zara747@gmail.com,Female,6553939946,Panama,09/03/1980
415,Ahmed,Gomez,ahmed516@gmail.com,Male,6964184748,Malta,15/05/1947
416,Inaya,Hall,inaya764@gmail.com,Female,2073596900,Chad,13/07/2005
417,Ibrahim,Bowers,ibrahim873@gmail.com,Male,7916925502,Bolivia,05/01/2001
418,Fatima,Nunez,fatima838@gmail.com,Female,3936622095,Qatar,13/03/1969
419,Omar,Wall,omar600@gmail.com,Male,2496443529,Brazil,29/10/1982
420,Ayaan,Davis,ayaan679@gmail.com,Male,1206519533,Papua New Guinea,12/03/1987
421,Noor,Ferguson,noor999@gmail.com,Female,3185010461,Namibia,28/10/1951
422,Sana,Clark,sana566@gmail.com,Female,2313929748,Cote d'Ivoire,28/04/1975
423,Omar,Arnold,omar153@gmail.com,Male,3688873097,Sweden,07/11/1983
424,Ayaan,Wilson,ayaan817@gmail.com,Male,5373387650,United States Virgin Islands,31/03/1944
425,Hafsa,Rodriguez,hafsa592@gmail.com,Female,1584392957,Philippines,10/02/1970
426,Sana,Blair,sana216@gmail.com,Female,8547398228,Myanmar,05/06/1948
427,Ali,Bennett,ali351@gmail.com,Male,1796960945,Greece,24/08/1961
428,Sana,Park,sana216@gmail.com,Female,6253129184,Macao,30/06/1960
429,Hadia,Woods,hadia600@gmail.com,Female,4449574659,Korea,10/04/1979
430,Hassan,Vasquez,hassan703@gmail.com,Male,3830789897,Cambodia,07/11/1987
431,Ayaan,Ruiz,ayaan228@gmail.com,Male,7792636991,Jordan,13/12/1963
432,Zain,Small,zain810@gmail.com,Male,1264521855,Tajikistan,08/08/1957
433,Khalid,Collins,khalid705@gmail.com,Male,1762579507,Thailand,24/07/1980
434,Maryam,Myers,maryam964@gmail.com,Female,6856757334,Chad,07/03/1947
435,Aisha,Beard,aisha287@gmail.com,Female,9911483431,Slovenia,08/01/1965
436,Noor,Kelly,noor561@gmail.com,Female,9665795105,Malta,03/08/1986
437,Zara,Lopez,zara133@gmail.com,Female,2955592165,Suriname,10/03/1963
438,Hamza,Branch,hamza354@gmail.com,Male,1536919123,Taiwan,28/09/1960
439,Omar,Johnson,omar986@gmail.com,Male,5631625439,Yemen,09/12/1945
440,Khalid,James,khalid408@gmail.com,Male,8928256714,South Georgia and the South Sandwich Islands,09/07/2001
441,Aisha,Barrett,aisha588@gmail.com,Female,6713651326,Bhutan,26/02/1980
442,Hafsa,Rice,hafsa914@gmail.com,Female,5092466180,Cuba,24/01/1976
443,Zara,Harrington,zara340@gmail.com,Female,7095411607,Vanuatu,01/04/1983
444,Ayaan,Arnold,ayaan719@gmail.com,Male,8195453044,Kazakhstan,25/12/1966
445,Hafsa,Barr,hafsa249@gmail.com,Female,8028547647,Zimbabwe,27/09/1959
446,Omar,Smith,omar395@gmail.com,Male,1687735071,Chad,13/04/1962
447,Fatima,Lawson,fatima210@gmail.com,Female,2177503158,Antigua and Barbuda,19/12/1970
448,Leena,Hill,leena608@gmail.com,Female,3490967975,Mozambique,15/09/1944
449,Maryam,Diaz,maryam980@gmail.com,Female,3806188546,Liberia,09/10/1995
450,Ayaan,Atkins,ayaan342@gmail.com,Male,3199680541,Gibraltar,01/10/2005
451,Inaya,Pratt,inaya578@gmail.com,Female,8632492637,Wallis and Futuna,28/05/1958
452,Hassan,Owens,hassan784@gmail.com,Male,9381091276,Fiji,17/10/1944
453,Hassan,Bird,hassan799@gmail.com,Male,8698099296,Saint Kitts and Nevis,01/09/1948
454,Ali,Olson,ali421@gmail.com,Male,9820677820,Taiwan,24/12/1955
455,Zain,Mason,zain632@gmail.com,Male,8626499606,Denmark,01/06/1952
456,Ayaan,Haley,ayaan500@gmail.com,Male,4582457622,Spain,06/09/1945
457,Sana,Vargas,sana800@gmail.com,Female,1058510684,Guatemala,19/06/1996
458,Ayaan,Sanders,ayaan589@gmail.com,Male,1438646613,Slovakia (Slovak Republic),29/11/1979
459,Ayaan,Reed,ayaan103@gmail.com,Male,6223717634,Brazil,31/03/1999
460,Noor,Tucker,noor164@gmail.com,Female,9457978627,Montserrat,01/09/1983
461,Sana,Brooks,sana574@gmail.com,Female,7948018867,Pitcairn Islands,27/11/1954
462,Omar,Estrada,omar203@gmail.com,Male,1767938944,Bangladesh,07/07/1996
463,Ahmed,Morris,ahmed275@gmail.com,Male,5886868009,Romania,28/06/2003
464,Inaya,Luna,inaya155@gmail.com,Female,5019145390,Congo,19/12/1960
465,Zain,Flores,zain456@gmail.com,Male,2265410022,Estonia,01/08/1951
466,Aisha,Garcia,aisha416@gmail.com,Female,9193759462,Hong Kong,22/03/1954
467,Zara,Martin,zara668@gmail.com,Female,9737688973,China,06/04/1986
468,Leena,Willis,leena835@gmail.com,Female,8223956125,Togo,23/08/1978
469,Sana,Murray,sana704@gmail.com,Female,1479110368,Romania,20/04/1946
470,Zain,Johnson,zain473@gmail.com,Male,1126477663,Belgium,24/10/2002
471,Khalid,Taylor,khalid145@gmail.com,Male,3514457091,Saint Lucia,26/09/2001
472,Hafsa,Flynn,hafsa148@gmail.com,Female,5579399126,Liechtenstein,20/06/1944
473,Ibrahim,Weaver,ibrahim547@gmail.com,Male,5252921642,Slovakia (Slovak Republic),28/05/1992
474,Leena,Hartman,leena578@gmail.com,Female,6914093537,Antigua and Barbuda,08/01/1957
475,Omar,Peters,omar264@gmail.com,Male,2149280719,Heard Island and McDonald Islands,26/05/2003
476,Ibrahim,Hampton,ibrahim431@gmail.com,Male,7710083104,Suriname,26/01/1990
477,Leena,Thomas,leena185@gmail.com,Female,8028823890,Micronesia,16/03/1995
478,Hassan,Mccoy,hassan519@gmail.com,Male,8418614228,South Africa,05/07/1980
479,Hafsa,Whitaker,hafsa629@gmail.com,Female,4222496358,Bulgaria,03/12/1979
480,Ayaan,Bowen,ayaan243@gmail.com,Male,5966738553,Moldova,16/05/1975
481,Zara,White,zara607@gmail.com,Female,1525452059,Australia,27/12/1998
482,Maryam,Walker,maryam239@gmail.com,Female,9637175358,Eritrea,04/05/1997
483,Hassan,Perry,hassan907@gmail.com,Male,3536312574,Namibia,30/12/1963
484,Noor,Davenport,noor419@gmail.com,Female,1109517020,Saint Lucia,03/05/1977
485,Khalid,Hunt,khalid293@gmail.com,Male,5472120606,Italy,09/02/1951
486,Hassan,Martinez,hassan762@gmail.com,Male,4386389428,Mali,20/05/1999
487,Ahmed,Thompson,ahmed301@gmail.com,Male,7583951013,Anguilla,16/11/2003
488,Fatima,Marshall,fatima903@gmail.com,Female,2370564993,British Indian Ocean Territory (Chagos Archipelago),27/05/1973
489,Hafsa,Davis,hafsa642@gmail.com,Female,3577762783,Bulgaria,05/10/1989
490,Fatima,Ferguson,fatima863@gmail.com,Female,7863745301,Andorra,01/09/1988
491,Yusuf,Cruz,yusuf572@gmail.com,Male,7113391250,Italy,09/01/1995
492,Yusuf,Sanders,yusuf196@gmail.com,Male,4761098404,Martinique,04/09/2004
493,Yusuf,Mckinney,yusuf614@gmail.com,Male,6328257366,Kiribati,17/12/1990
494,Leena,Lin,leena763@gmail.com,Female,9237812116,Heard Island and McDonald Islands,22/08/1968
495,Hafsa,Bell,hafsa792@gmail.com,Female,3348200476,Libyan Arab Jamahiriya,23/02/1963
496,Noor,Mason,noor196@gmail.com,Female,4642402127,Italy,03/08/1962
497,Maryam,Dennis,maryam355@gmail.com,Female,1418937979,Jersey,11/02/1988
498,Aisha,Harris,aisha864@gmail.com,Female,5218166083,Hungary,29/10/2005
499,Khalid,Martinez,khalid377@gmail.com,Male,8988759930,Malta,06/08/2006
500,Sana,Campbell,sana875@gmail.com,Female,9636659719,Reunion,05/11/2004
501,Yusuf,Harris,yusuf194@gmail.com,Male,2265262042,Thailand,24/03/1976
502,Aisha,Carter,aisha195@gmail.com,Female,2149601366,Czech Republic,22/01/1993
503,Ali,Willis,ali125@gmail.com,Male,7727453787,Azerbaijan,27/03/2005
504,Hamza,Molina,hamza279@gmail.com,Male,1809817677,United Arab Emirates,13/04/1971
505,Zara,Clark,zara404@gmail.com,Female,2609086397,Brazil,06/02/1964
506,Aisha,Martin,aisha670@gmail.com,Female,1353882199,Bahamas,23/05/1993
507,Inaya,Turner,inaya376@gmail.com,Female,2306476691,Argentina,11/06/1946
508,Ibrahim,Oconnor,ibrahim739@gmail.com,Male,2634678408,Seychelles,02/04/1987
509,Ahmed,Hines,ahmed913@gmail.com,Male,3920625436,Bulgaria,21/05/1960
510,Aisha,Schultz,aisha859@gmail.com,Female,8361171001,Wallis and Futuna,05/09/1943
511,Zain,Harvey,zain102@gmail.com,Male,3926133911,Christmas Island,18/06/1993
512,Maryam,Poole,maryam483@gmail.com,Female,1775040661,Libyan Arab Jamahiriya,16/07/1958
513,Hafsa,Hayes,hafsa920@gmail.com,Female,9151504692,Burundi,17/12/1959
514,Ibrahim,Bell,ibrahim996@gmail.com,Male,9686774562,Haiti,24/09/1944
515,Ibrahim,Miller,ibrahim702@gmail.com,Male,6347131331,Bulgaria,23/02/1963
516,Leena,Hancock,leena277@gmail.com,Female,9400738435,Malta,03/07/1979
517,Fatima,Hubbard,fatima401@gmail.com,Female,7459217381,Saint Barthelemy,05/10/1983
518,Hafsa,Guzman,hafsa572@gmail.com,Female,7326125476,Bosnia and Herzegovina,23/01/1954
519,Khalid,Harrison,khalid670@gmail.com,Male,5826578135,Portugal,09/06/1945
520,Leena,Kim,leena293@gmail.com,Female,7596441192,Slovenia,10/10/1955
521,Ali,Johnson,ali339@gmail.com,Male,8569086720,Moldova,09/07/1985
522,Ali,Martinez,ali680@gmail.com,Male,8433746375,Solomon Islands,17/02/2002
523,Maryam,Sanders,maryam237@gmail.com,Female,5062765643,Bosnia and Herzegovina,07/10/1961
524,Maryam,Ward,maryam911@gmail.com,Female,4318153428,Grenada,23/03/1962
525,Inaya,Hood,inaya902@gmail.com,Female,5361833472,Somalia,12/10/1984
526,Inaya,Brown,inaya149@gmail.com,Female,3061545173,Cape Verde,07/08/1990
527,Maryam,Davis,maryam171@gmail.com,Female,3387851794,Gibraltar,24/10/1977
528,Ibrahim,Weaver,ibrahim379@gmail.com,Male,9096825431,Barbados,20/01/1987
529,Hamza,Mccoy,hamza986@gmail.com,Male,6215907641,Bulgaria,12/12/1997
530,Ibrahim,Navarro,ibrahim328@gmail.com,Male,4483856992,Costa Rica,02/03/1985
531,Hadia,Coleman,hadia504@gmail.com,Female,1174252110,British Virgin Islands,03/09/1986
532,Zain,Jones,zain708@gmail.com,Male,6676708209,Bolivia,15/10/1996
533,Zara,Krause,zara585@gmail.com,Female,2093712457,El Salvador,24/09/1956
534,Inaya,Smith,inaya793@gmail.com,Female,9011364283,Rwanda,02/10/1949
535,Ibrahim,Hamilton,ibrahim930@gmail.com,Male,3719910370,Chad,16/11/1961
536,Ayaan,Torres,ayaan730@gmail.com,Male,3780743856,Serbia,23/12/1999
537,Ibrahim,Greene,ibrahim707@gmail.com,Male,8475093355,Northern Mariana Islands,08/03/1968
538,Sana,Navarro,sana417@gmail.com,Female,2002324538,Kiribati,04/07/1951
539,Inaya,Mccormick,inaya508@gmail.com,Female,9677585625,Vanuatu,31/10/1962
540,Leena,Martin,leena340@gmail.com,Female,2924281143,Japan,26/09/2002
541,Sana,Reyes,sana755@gmail.com,Female,4495771444,Libyan Arab Jamahiriya,30/04/1970
542,Hassan,Dawson,hassan230@gmail.com,Male,7925941429,Svalbard & Jan Mayen Islands,16/06/1965
543,Aisha,Ramirez,aisha468@gmail.com,Female,8242078341,New Zealand,05/09/1962
544,Sana,Garcia,sana358@gmail.com,Female,4829283688,Paraguay,06/08/1994
545,Zain,Jordan,zain595@gmail.com,Male,2453648830,Somalia,12/05/1964
546,Maryam,Miller,maryam901@gmail.com,Female,4995227376,Christmas Island,21/12/2001
547,Khalid,Moore,khalid834@gmail.com,Male,2359100615,Myanmar,30/10/1971
548,Ayaan,Jimenez,ayaan450@gmail.com,Male,5501193113,China,15/10/1958
549,Sana,Tyler,sana437@gmail.com,Female,6461159957,Macao,22/05/1964
550,Noor,Henry,noor215@gmail.com,Female,6380735262,Syrian Arab Republic,20/04/1948
551,Hamza,Clark,hamza278@gmail.com,Male,2789586831,Colombia,25/06/1950
552,Ibrahim,Wolfe,ibrahim892@gmail.com,Male,8550493011,United States of America,05/04/1981
553,Zain,Mccann,zain536@gmail.com,Male,7955288982,Algeria,27/03/1974
554,Ayaan,Baker,ayaan594@gmail.com,Male,7495244488,Central African Republic,06/02/1979
555,Ibrahim,Cordova,ibrahim723@gmail.com,Male,9704928859,Afghanistan,02/01/1993
556,Khalid,Martinez,khalid871@gmail.com,Male,5778319735,Jersey,29/04/1977
557,Maryam,Williams,maryam403@gmail.com,Female,4785102433,Brunei Darussalam,25/03/1990
558,Leena,Lewis,leena997@gmail.com,Female,6746620788,Macao,29/11/1985
559,Hamza,Herrera,hamza137@gmail.com,Male,4917459969,Cape Verde,28/02/1979
560,Ali,Ferguson,ali273@gmail.com,Male,6800284997,Guyana,02/12/1950
561,Hassan,Thomas,hassan424@gmail.com,Male,3076412886,Dominican Republic,31/12/1959
562,Maryam,Smith,maryam308@gmail.com,Female,9954007721,Botswana,19/02/2005
563,Ali,Rivera,ali525@gmail.com,Male,1845344565,Burkina Faso,16/04/1999
564,Ahmed,Boyer,ahmed432@gmail.com,Male,1959854046,Reunion,10/10/1957
565,Hassan,Castaneda,hassan651@gmail.com,Male,3852334458,Tanzania,30/10/2002
566,Ibrahim,King,ibrahim986@gmail.com,Male,2128630366,Malawi,16/09/1969
567,Ibrahim,Lopez,ibrahim331@gmail.com,Male,5449657023,Cocos (Keeling) Islands,18/07/1964
568,Maryam,Joseph,maryam148@gmail.com,Female,5352823960,Heard Island and McDonald Islands,30/03/1961
569,Ibrahim,Morgan,ibrahim976@gmail.com,Male,4207056705,Macao,22/07/1946
570,Sana,Mccann,sana975@gmail.com,Female,3156946366,Niger,26/12/1993
571,Yusuf,Frazier,yusuf815@gmail.com,Male,9598476885,Armenia,29/08/1979
572,Ali,Castro,ali838@gmail.com,Male,5404130999,Uganda,29/01/1979
573,Ayaan,Sheppard,ayaan502@gmail.com,Male,6515923068,Indonesia,07/02/1970
574,Sana,Jones,sana527@gmail.com,Female,5574854670,Angola,05/08/2006
575,Hamza,Mitchell,hamza416@gmail.com,Male,3960721460,Martinique,06/06/1944
576,Hafsa,Holmes,hafsa746@gmail.com,Female,8129642133,Congo,09/07/1958
577,Zara,Key,zara374@gmail.com,Female,6837769228,Cameroon,21/02/1967
578,Noor,Mitchell,noor561@gmail.com,Female,3007358651,United States Minor Outlying Islands,24/11/2000
579,Hamza,White,hamza116@gmail.com,Male,1559138240,Ecuador,30/12/1997
580,Ahmed,Sloan,ahmed325@gmail.com,Male,5504598266,Vanuatu,25/12/1989
581,Zara,Shepherd,zara613@gmail.com,Female,4971430192,Greece,29/10/1995
582,Hadia,Hudson,hadia603@gmail.com,Female,1430266286,Uzbekistan,23/06/2004
583,Aisha,Pearson,aisha323@gmail.com,Female,1241758363,Romania,30/08/1959
584,Ali,Grant,ali636@gmail.com,Male,8752665392,Korea,08/10/1948
585,Hassan,Quinn,hassan922@gmail.com,Male,1556079453,French Guiana,02/03/1974
586,Hassan,Graham,hassan356@gmail.com,Male,5347808813,Costa Rica,31/03/1954
587,Hadia,Reeves,hadia589@gmail.com,Female,6467083785,Swaziland,26/04/2002
588,Leena,Perry,leena176@gmail.com,Female,8388962176,Croatia,10/03/1991
589,Hamza,Johnson,hamza792@gmail.com,Male,2142096677,Guatemala,09/11/1990
590,Inaya,Guerrero,inaya404@gmail.com,Female,5735530234,Kuwait,19/09/1983
591,Yusuf,Strickland,yusuf604@gmail.com,Male,4639483172,Reunion,06/10/1944
592,Khalid,Smith,khalid989@gmail.com,Male,2904398008,Somalia,24/02/2005
593,Sana,Chavez,sana408@gmail.com,Female,1224002590,Antigua and Barbuda,03/11/1981
594,Omar,Jones,omar392@gmail.com,Male,1899976326,Guatemala,19/10/1990
595,Ayaan,Jackson,ayaan200@gmail.com,Male,2275016179,Libyan Arab Jamahiriya,13/05/1998
596,Yusuf,Carroll,yusuf314@gmail.com,Male,7044245262,Italy,03/07/1955
597,Ahmed,Smith,ahmed612@gmail.com,Male,1553973358,Zimbabwe,08/07/1977
598,Ayaan,Leblanc,ayaan635@gmail.com,Male,2378203091,Kazakhstan,11/10/1991
599,Maryam,Collins,maryam398@gmail.com,Female,1159975036,Chile,02/12/1953
600,Aisha,Noble,aisha918@gmail.com,Female,4222974926,Belize,24/11/1946
601,Ibrahim,Sims,ibrahim488@gmail.com,Male,7223466296,Central African Republic,17/07/1986
602,Yusuf,Hunt,yusuf211@gmail.com,Male,1701126401,British Indian Ocean Territory (Chagos Archipelago),31/01/1998
603,Noor,Brown,noor723@gmail.com,Female,6524669366,Austria,30/01/1944
604,Hassan,Maxwell,hassan614@gmail.com,Male,5481480190,Venezuela,16/04/1986
605,Khalid,Holmes,khalid222@gmail.com,Male,5886455461,Tanzania,28/02/1966
606,Hafsa,Hahn,hafsa629@gmail.com,Female,9871992121,Uzbekistan,19/11/1949
607,Noor,Jones,noor335@gmail.com,Female,2327564970,Saint Vincent and the Grenadines,06/02/1954
608,Ahmed,Webb,ahmed218@gmail.com,Male,4259477439,Angola,04/06/1960
609,Ali,Larson,ali468@gmail.com,Male,4014753651,Heard Island and McDonald Islands,14/08/1985
610,Ali,Lewis,ali883@gmail.com,Male,6602765005,United States Minor Outlying Islands,01/07/1981
611,Inaya,Duffy,inaya110@gmail.com,Female,4285223866,Sao Tome and Principe,05/05/1966
612,Ibrahim,Thompson,ibrahim355@gmail.com,Male,6923618308,Seychelles,31/08/1976
613,Omar,Burns,omar787@gmail.com,Male,6627452839,Cyprus,26/03/1986
614,Ayaan,Meyers,ayaan662@gmail.com,Male,9163564746,Gibraltar,31/05/2004
615,Khalid,Martinez,khalid947@gmail.com,Male,5402148428,Maldives,19/12/1957
616,Leena,Cisneros,leena765@gmail.com,Female,5324489684,South Georgia and the South Sandwich Islands,13/06/1952
617,Yusuf,Valenzuela,yusuf879@gmail.com,Male,3225398059,Guadeloupe,27/08/1945
618,Fatima,Garcia,fatima959@gmail.com,Female,3407216671,Ireland,12/04/1945
619,Sana,Turner,sana307@gmail.com,Female,8134470047,Bangladesh,07/05/1980
620,Ali,Smith,ali403@gmail.com,Male,5724538734,Qatar,17/10/1995
621,Hassan,Stout,hassan193@gmail.com,Male,4671274491,Guadeloupe,19/12/1950
622,Hassan,Coleman,hassan603@gmail.com,Male,3937445534,Eritrea,27/03/1998
623,Aisha,Hurley,aisha897@gmail.com,Female,6710519849,British Virgin Islands,04/03/1963
624,Ali,Cook,ali832@gmail.com,Male,9835882662,Seychelles,02/02/1975
625,Fatima,Duffy,fatima478@gmail.com,Female,8980229313,Singapore,13/07/1952
626,Ibrahim,Kelley,ibrahim437@gmail.com,Male,4470734141,Korea,31/05/1946
627,Zain,Schwartz,zain489@gmail.com,Male,6743216505,Ukraine,11/02/1977
628,Hassan,Valenzuela,hassan293@gmail.com,Male,1153412692,Malta,28/02/2002
629,Maryam,Allison,maryam690@gmail.com,Female,4960000474,Ethiopia,18/12/1974
630,Hafsa,Cooper,hafsa860@gmail.com,Female,8562049600,Germany,27/11/1994
631,Ayaan,Nelson,ayaan861@gmail.com,Male,5934003312,United Kingdom,02/08/1945
632,Aisha,Price,aisha947@gmail.com,Female,4165046557,Vietnam,08/11/1974
633,Noor,Reed,noor557@gmail.com,Female,5704618773,Malta,24/05/1964
634,Khalid,Higgins,khalid751@gmail.com,Male,3425822585,Seychelles,05/06/1966
635,Ahmed,Bell,ahmed432@gmail.com,Male,6171300991,Cuba,18/08/1949
636,Zain,Joseph,zain791@gmail.com,Male,5009755178,Oman,29/09/1972
637,Maryam,Taylor,maryam689@gmail.com,Female,1149823566,Albania,29/04/1984
638,Sana,Skinner,sana585@gmail.com,Female,6887065198,Central African Republic,16/07/1992
639,Maryam,Berg,maryam989@gmail.com,Female,1867563616,Gabon,28/08/1950
640,Ali,Cox,ali564@gmail.com,Male,6702245379,Singapore,30/01/1954
641,Noor,Smith,noor151@gmail.com,Female,5397721827,Montenegro,27/07/1950
642,Inaya,Wilson,inaya303@gmail.com,Female,4238855780,Indonesia,02/09/1951
643,Noor,Bender,noor162@gmail.com,Female,3104395532,Peru,15/10/1973
644,Inaya,Wilkins,inaya185@gmail.com,Female,5930139343,Liberia,01/08/1961
645,Hamza,Orr,hamza887@gmail.com,Male,7947795778,Reunion,11/09/1996
646,Sana,Ryan,sana504@gmail.com,Female,9759610595,Estonia,19/12/1966
647,Maryam,Mathews,maryam423@gmail.com,Female,2052897623,Albania,01/02/2006
648,Ibrahim,Cruz,ibrahim746@gmail.com,Male,3878580528,Switzerland,01/06/1995
649,Zain,Wilson,zain124@gmail.com,Male,7417730082,Marshall Islands,16/12/1994
650,Sana,Rojas,sana798@gmail.com,Female,4516421073,Saint Barthelemy,14/03/2004
651,Hafsa,Walker,hafsa117@gmail.com,Female,5891440232,San Marino,02/08/1994
652,Inaya,Spencer,inaya763@gmail.com,Female,3960821041,Congo,31/03/2006
653,Khalid,Hernandez,khalid562@gmail.com,Male,7873820357,Nigeria,30/03/1965
654,Ali,Eaton,ali226@gmail.com,Male,1811510938,Guyana,30/03/1955
655,Hadia,Manning,hadia656@gmail.com,Female,2070156779,United States Minor Outlying Islands,25/06/1970
656,Hadia,Cannon,hadia285@gmail.com,Female,3149763467,Burundi,05/09/1976
657,Leena,Elliott,leena717@gmail.com,Female,7230146795,El Salvador,08/08/1964
658,Omar,Gross,omar279@gmail.com,Male,1218789428,United Arab Emirates,06/06/1959
659,Zain,Cook,zain854@gmail.com,Male,3882543500,Iceland,26/04/1945
660,Hassan,Mcgee,hassan319@gmail.com,Male,7880883235,Anguilla,24/04/1989
661,Zara,Hardy,zara950@gmail.com,Female,8537876847,Heard Island and McDonald Islands,29/06/1964
662,Maryam,Perez,maryam147@gmail.com,Female,8281975948,Burkina Faso,17/04/1971
663,Hassan,Whitney,hassan857@gmail.com,Male,7508825915,Papua New Guinea,29/01/1995
664,Hadia,Sherman,hadia815@gmail.com,Female,2905462232,Latvia,07/01/1988
665,Aisha,Watson,aisha128@gmail.com,Female,2408341337,Saudi Arabia,12/07/1967
666,Omar,Silva,omar480@gmail.com,Male,1101298955,Peru,20/03/1987
667,Leena,Davis,leena144@gmail.com,Female,4035315652,Lao People's Democratic Republic,07/11/1996
668,Yusuf,Nichols,yusuf414@gmail.com,Male,6032711215,Denmark,20/05/1967
669,Leena,Perkins,leena317@gmail.com,Female,6622864574,Serbia,27/10/1993
670,Ahmed,Jones,ahmed600@gmail.com,Male,2134189837,Guam,16/12/1974
671,Ali,Burch,ali749@gmail.com,Male,4290763373,Philippines,28/09/1949
672,Ibrahim,Smith,ibrahim360@gmail.com,Male,2383385636,Angola,07/07/2000
673,Ayaan,Baker,ayaan553@gmail.com,Male,4140720178,Taiwan,16/06/1965
674,Noor,Gay,noor743@gmail.com,Female,7026992341,Sweden,12/10/2002
675,Ahmed,Garcia,ahmed563@gmail.com,Male,1136485634,Guadeloupe,03/04/1976
676,Ayaan,Baker,ayaan947@gmail.com,Male,5223706755,Cook Islands,18/02/1999
677,Fatima,Neal,fatima987@gmail.com,Female,1038625415,Australia,17/02/1976
678,Aisha,Mcmahon,aisha836@gmail.com,Female,6695290191,Niue,19/08/1999
679,Inaya,Hart,inaya676@gmail.com,Female,9598820846,United Kingdom,09/06/1966
680,Zara,Garcia,zara586@gmail.com,Female,6427308253,Benin,20/03/2001
681,Ahmed,Smith,ahmed410@gmail.com,Male,7998116074,Congo,23/11/1965
682,Ibrahim,Keith,ibrahim602@gmail.com,Male,5209078416,Kuwait,23/11/1960
683,Inaya,Powell,inaya935@gmail.com,Female,1568657584,Ukraine,20/04/1948
684,Ali,Rivera,ali676@gmail.com,Male,3601493178,Egypt,25/11/1946
685,Omar,Perez,omar706@gmail.com,Male,4664217616,Uganda,13/07/1984
686,Hadia,Jones,hadia272@gmail.com,Female,7545291955,Palau,31/12/1960
687,Zain,Smith,zain919@gmail.com,Male,9766052341,Lao People's Democratic Republic,23/01/1981
688,Hadia,Cortez,hadia623@gmail.com,Female,4053524317,Faroe Islands,26/01/1981
689,Hadia,Anthony,hadia293@gmail.com,Female,3040989690,Paraguay,17/04/2006
690,Hafsa,Hart,hafsa676@gmail.com,Female,5798856127,Guinea,11/12/1973
691,Hafsa,Henry,hafsa904@gmail.com,Female,7313253892,Vietnam,15/10/2005
692,Ayaan,Braun,ayaan231@gmail.com,Male,8459632390,Nicaragua,29/03/1963
693,Leena,Anderson,leena852@gmail.com,Female,1381240384,Montserrat,17/05/1971
694,Hassan,Russo,hassan358@gmail.com,Male,6541638560,American Samoa,10/06/1991
695,Noor,Rodriguez,noor400@gmail.com,Female,7856942463,Western Sahara,13/08/1951
696,Sana,Douglas,sana538@gmail.com,Female,8517071982,Indonesia,07/01/1982
697,Hamza,Foster,hamza490@gmail.com,Male,7020435016,Saudi Arabia,09/04/1984
698,Hassan,Donaldson,hassan257@gmail.com,Male,8304576386,Cocos (Keeling) Islands,30/09/1971
699,Sana,Porter,sana746@gmail.com,Female,9663438675,Romania,16/05/1948
700,Zara,Nielsen,zara439@gmail.com,Female,7870253317,British Indian Ocean Territory (Chagos Archipelago),05/09/1995
701,Zara,Hoffman,zara340@gmail.com,Female,1731595441,Georgia,07/06/1981
702,Ali,Jones,ali810@gmail.com,Male,9829283113,France,07/03/1984
703,Ayaan,Adams,ayaan581@gmail.com,Male,6525907102,Puerto Rico,16/09/2003
704,Zara,Gibson,zara652@gmail.com,Female,2408488990,Madagascar,08/07/1968
705,Hassan,Lewis,hassan147@gmail.com,Male,2034363889,Kuwait,08/02/1954
706,Hafsa,Sutton,hafsa988@gmail.com,Female,3438776616,Mexico,20/10/1980
707,Ibrahim,Valdez,ibrahim727@gmail.com,Male,1073081168,Mali,29/08/1996
708,Zain,Campbell,zain679@gmail.com,Male,4075783030,Albania,24/03/1988
709,Fatima,Vaughan,fatima636@gmail.com,Female,5902629684,French Guiana,18/11/1957
710,Inaya,Peters,inaya307@gmail.com,Female,8465674540,Pitcairn Islands,09/07/1957
711,Hamza,Bennett,hamza625@gmail.com,Male,3191134820,Nicaragua,01/06/1991
712,Noor,Fisher,noor486@gmail.com,Female,3479300652,Saint Pierre and Miquelon,09/04/1948
713,Leena,Wilson,leena118@gmail.com,Female,6255488872,Turkmenistan,21/11/1962
714,Inaya,Cook,inaya372@gmail.com,Female,1984784577,Czech Republic,12/05/1957
715,Aisha,Mccormick,aisha478@gmail.com,Female,3350807521,Ukraine,07/11/1974
716,Omar,Simmons,omar167@gmail.com,Male,5740461723,British Indian Ocean Territory (Chagos Archipelago),16/09/1947
717,Sana,Scott,sana489@gmail.com,Female,5648612108,Indonesia,26/12/1953
718,Ali,Harris,ali256@gmail.com,Male,2455091783,Libyan Arab Jamahiriya,01/02/1972
719,Hadia,Nelson,hadia847@gmail.com,Female,9803564959,Gibraltar,05/11/1964
720,Inaya,Orr,inaya614@gmail.com,Female,5567014353,Switzerland,19/11/1960
721,Inaya,Jennings,inaya205@gmail.com,Female,3048726131,Niue,22/08/1992
722,Hassan,Bell,hassan430@gmail.com,Male,2489388818,Ethiopia,06/09/1989
723,Khalid,Mooney,khalid578@gmail.com,Male,4428250946,Lithuania,02/12/2001
724,Khalid,Jimenez,khalid648@gmail.com,Male,1848792699,Uzbekistan,26/03/1959
725,Hadia,Vasquez,hadia894@gmail.com,Female,7494735919,Australia,31/07/1983
726,Ibrahim,Shannon,ibrahim593@gmail.com,Male,4239309230,Equatorial Guinea,02/10/1977
727,Inaya,Miranda,inaya204@gmail.com,Female,3779830607,Afghanistan,01/11/1971
728,Ali,Harris,ali528@gmail.com,Male,6666113097,El Salvador,09/05/2002
729,Omar,Villanueva,omar220@gmail.com,Male,3865025225,Sweden,22/04/1995
730,Hamza,Murphy,hamza769@gmail.com,Male,5189149670,United States of America,28/01/1956
731,Zara,Mullins,zara353@gmail.com,Female,4866084114,Saint Martin,18/06/1989
732,Khalid,Williams,khalid620@gmail.com,Male,8591226994,Egypt,13/05/2004
733,Sana,Zuniga,sana571@gmail.com,Female,6778641711,Aruba,03/06/2005
734,Yusuf,Simmons,yusuf685@gmail.com,Male,4047056466,Burundi,27/01/1950
735,Hamza,Sloan,hamza444@gmail.com,Male,6120448634,Korea,13/05/1950
736,Yusuf,Bean,yusuf318@gmail.com,Male,6878864770,Cameroon,03/02/1973
737,Ali,Clark,ali865@gmail.com,Male,8344923082,Saint Vincent and the Grenadines,22/12/1994
738,Sana,Hill,sana440@gmail.com,Female,9310440434,Japan,02/01/2002
739,Leena,Braun,leena536@gmail.com,Female,9343543126,Haiti,16/03/1994
740,Ibrahim,Allen,ibrahim345@gmail.com,Male,9519790525,Georgia,03/04/1966
741,Ayaan,Donaldson,ayaan221@gmail.com,Male,4239134324,Christmas Island,19/04/1966
742,Hafsa,Taylor,hafsa150@gmail.com,Female,5698712970,Yemen,19/02/1957
743,Sana,Werner,sana330@gmail.com,Female,8792465812,Grenada,24/01/1961
744,Yusuf,Griffith,yusuf598@gmail.com,Male,6807691656,Germany,01/07/1949
745,Hassan,Hogan,hassan896@gmail.com,Male,5504978715,Serbia,05/04/2003
746,Inaya,Buck,inaya515@gmail.com,Female,6794161034,Madagascar,04/04/1969
747,Inaya,Robbins,inaya240@gmail.com,Female,5958813370,Iraq,06/04/1953
748,Omar,Chang,omar530@gmail.com,Male,4017468216,Puerto Rico,14/12/1984
749,Ibrahim,Mcdonald,ibrahim789@gmail.com,Male,4111490656,Ethiopia,07/03/1992
750,Ibrahim,Blair,ibrahim598@gmail.com,Male,2944385589,Wallis and Futuna,05/05/1951
751,Hadia,Miller,hadia998@gmail.com,Female,3759170013,Chile,02/02/1955
752,Ali,Sherman,ali709@gmail.com,Male,3774652577,Andorra,24/09/1987
753,Omar,Maxwell,omar740@gmail.com,Male,3624589333,Faroe Islands,13/09/1963
754,Maryam,King,maryam767@gmail.com,Female,3235073517,Belgium,04/08/1973
755,Aisha,Morris,aisha435@gmail.com,Female,1576776379,Antigua and Barbuda,09/03/1954
756,Noor,Martinez,noor326@gmail.com,Female,8922194713,Djibouti,28/07/1984
757,Sana,Castillo,sana485@gmail.com,Female,3120178039,Morocco,25/08/1973
758,Aisha,Kennedy,aisha806@gmail.com,Female,3484840846,Palestinian Territory,03/01/1979
759,Sana,Bradford,sana860@gmail.com,Female,6314238922,Mali,28/10/1956
760,Aisha,Harris,aisha117@gmail.com,Female,9742969359,Algeria,22/01/1970
761,Hadia,Hughes,hadia543@gmail.com,Female,4987973296,Vietnam,29/10/1984
762,Inaya,Scott,inaya202@gmail.com,Female,1145347995,British Virgin Islands,07/08/1986
763,Noor,Nelson,noor577@gmail.com,Female,7969954799,Saint Vincent and the Grenadines,03/05/1994
764,Ahmed,Mays,ahmed393@gmail.com,Male,7027232502,Turks and Caicos Islands,15/02/1960
765,Ayaan,Green,ayaan871@gmail.com,Male,4077791847,Cyprus,31/03/2000
766,Yusuf,Hooper,yusuf632@gmail.com,Male,3619236481,Peru,17/02/1992
767,Aisha,Moore,aisha948@gmail.com,Female,4942442977,Sri Lanka,01/07/1950
768,Noor,Morrow,noor807@gmail.com,Female,3428095867,Paraguay,27/11/1955
769,Aisha,Lee,aisha790@gmail.com,Female,4419588391,Saudi Arabia,11/08/1989
770,Fatima,Franklin,fatima397@gmail.com,Female,5771077423,Montserrat,22/08/1969
771,Inaya,Clements,inaya528@gmail.com,Female,3479355869,Gabon,16/08/1998
772,Fatima,Lopez,fatima152@gmail.com,Female,8778158881,Kiribati,21/02/1961
773,Hafsa,Robinson,hafsa333@gmail.com,Female,8800228793,Somalia,25/03/1992
774,Maryam,Glass,maryam446@gmail.com,Female,1612368876,Belgium,28/05/1973
775,Hamza,Nelson,hamza102@gmail.com,Male,5902340104,Angola,06/08/1977
776,Leena,Butler,leena614@gmail.com,Female,4494993815,South Georgia and the South Sandwich Islands,18/04/1946
777,Sana,Townsend,sana711@gmail.com,Female,6673044082,Estonia,09/08/1995
778,Ahmed,Eaton,ahmed557@gmail.com,Male,5311136375,Nauru,21/09/2005
779,Khalid,Bartlett,khalid319@gmail.com,Male,4809408258,Niger,29/08/1996
780,Inaya,Nichols,inaya572@gmail.com,Female,2647084487,Swaziland,02/02/1997
781,Zara,Warner,zara493@gmail.com,Female,8577734860,Uganda,04/12/1974
782,Zara,Wyatt,zara612@gmail.com,Female,6390189144,Tanzania,25/11/1989
783,Ibrahim,Bates,ibrahim584@gmail.com,Male,7202051569,Panama,08/08/1971
784,Khalid,Jacobs,khalid587@gmail.com,Male,8294146147,Armenia,09/10/2005
785,Zain,Chapman,zain126@gmail.com,Male,3797044857,Nigeria,26/04/1961
786,Noor,Clark,noor599@gmail.com,Female,1399326075,Jersey,28/09/1948
787,Khalid,Miller,khalid393@gmail.com,Male,5819385141,Colombia,20/12/1957
788,Hamza,Wise,hamza898@gmail.com,Male,6517801562,Mali,10/09/1984
789,Khalid,Scott,khalid468@gmail.com,Male,9699706043,Argentina,12/07/1953
790,Maryam,Porter,maryam663@gmail.com,Female,7268479061,Netherlands,20/10/1982
791,Hafsa,Reed,hafsa239@gmail.com,Female,5435441008,Venezuela,03/11/1990
792,Yusuf,Preston,yusuf390@gmail.com,Male,8308989552,French Polynesia,26/12/2002
793,Maryam,Johnson,maryam286@gmail.com,Female,2071322983,Botswana,15/12/1980
794,Sana,Berger,sana287@gmail.com,Female,1466537837,Egypt,20/01/2002
795,Yusuf,Clay,yusuf615@gmail.com,Male,6575010779,Kazakhstan,12/10/1986
796,Zara,Mcclure,zara850@gmail.com,Female,3909475194,Palau,15/05/1983
797,Noor,Cook,noor728@gmail.com,Female,9903686231,Malaysia,12/06/1957
798,Yusuf,Lee,yusuf258@gmail.com,Male,6717159258,Guatemala,22/01/1998
799,Ahmed,Wood,ahmed651@gmail.com,Male,5416188583,Korea,30/09/1975
800,Hassan,Jones,hassan351@gmail.com,Male,6682868825,Saint Martin,21/08/1961
801,Hassan,Peters,hassan746@gmail.com,Male,4517075104,Iceland,08/07/1951
802,Zara,Spears,zara989@gmail.com,Female,9962935026,Haiti,13/06/1949
803,Hassan,Larson,hassan583@gmail.com,Male,1300878358,United Kingdom,05/05/1993
804,Maryam,Conrad,maryam408@gmail.com,Female,9458808502,Nicaragua,05/04/2004
805,Hassan,Johnston,hassan354@gmail.com,Male,5275116925,Slovenia,10/04/1961
806,Zara,Gonzales,zara391@gmail.com,Female,4742192229,Nauru,02/04/1971
807,Hafsa,Jordan,hafsa231@gmail.com,Female,6323892408,Wallis and Futuna,02/02/1998
808,Inaya,Preston,inaya336@gmail.com,Female,8662427403,Burundi,29/05/1962
809,Khalid,Daniels,khalid284@gmail.com,Male,7228724052,Solomon Islands,15/08/2005
810,Zain,Wagner,zain844@gmail.com,Male,8662894571,Sudan,28/08/1977
811,Ali,Larson,ali896@gmail.com,Male,9008618394,Panama,12/01/1964
812,Inaya,Fowler,inaya990@gmail.com,Female,2215639715,Netherlands,12/08/1995
813,Zara,Gonzalez,zara205@gmail.com,Female,8632230860,Lithuania,11/06/1948
814,Leena,Smith,leena638@gmail.com,Female,7373393082,Finland,03/06/1987
815,Fatima,Miller,fatima483@gmail.com,Female,2216107997,Comoros,10/05/1970
816,Zara,Park,zara709@gmail.com,Female,2956417875,Croatia,22/05/1971
817,Leena,Wade,leena627@gmail.com,Female,4092200099,Kiribati,15/03/1995
818,Hadia,Allen,hadia407@gmail.com,Female,9833503488,Fiji,19/01/1944
819,Ibrahim,Valdez,ibrahim227@gmail.com,Male,7552438066,Suriname,04/11/1954
820,Hamza,Krueger,hamza875@gmail.com,Male,2452792076,Algeria,09/10/1983
821,Leena,Riley,leena248@gmail.com,Female,7935172165,Kazakhstan,09/10/1983
822,Hadia,Floyd,hadia135@gmail.com,Female,6140483807,Panama,19/10/1965
823,Ayaan,Hickman,ayaan327@gmail.com,Male,8094639091,Guyana,14/04/1964
824,Hamza,Murphy,hamza415@gmail.com,Male,4112059866,Jersey,14/10/1976
825,Noor,Perry,noor827@gmail.com,Female,7627974010,Benin,11/02/1958
826,Hafsa,Thomas,hafsa997@gmail.com,Female,7202805638,Spain,26/08/1948
827,Yusuf,Saunders,yusuf773@gmail.com,Male,8149968452,Tonga,16/01/1944
828,Hamza,Moreno,hamza872@gmail.com,Male,6361734096,Anguilla,01/04/1967
829,Leena,Holloway,leena560@gmail.com,Female,7842235280,Andorra,30/04/1992
830,Hassan,Nash,hassan412@gmail.com,Male,1585757475,Philippines,25/08/1974
831,Zara,Fletcher,zara717@gmail.com,Female,1194144088,Saint Pierre and Miquelon,18/04/1975
832,Khalid,Lewis,khalid665@gmail.com,Male,6092890256,Guatemala,20/04/1959
833,Hafsa,Gomez,hafsa118@gmail.com,Female,5732253255,Hungary,17/03/1975
834,Inaya,Collins,inaya269@gmail.com,Female,6267579283,Cape Verde,30/12/1943
835,Ayaan,Dalton,ayaan680@gmail.com,Male,6949618502,Malta,04/06/1983
836,Khalid,Woodward,khalid921@gmail.com,Male,7550415269,Suriname,09/05/1978
837,Ayaan,Perry,ayaan361@gmail.com,Male,4660419136,Mauritius,01/02/1960
838,Khalid,Aguilar,khalid973@gmail.com,Male,7098214084,Mexico,30/03/1983
839,Fatima,Price,fatima600@gmail.com,Female,5175312729,Mexico,25/12/1970
840,Ahmed,Murillo,ahmed230@gmail.com,Male,8005564933,United States of America,24/12/1974
841,Hadia,Kemp,hadia728@gmail.com,Female,9489818698,Puerto Rico,15/04/1962
842,Hafsa,Mcdonald,hafsa324@gmail.com,Female,1216572523,Monaco,26/05/1983
843,Hadia,Townsend,hadia294@gmail.com,Female,6867844716,Bangladesh,29/08/2005
844,Ibrahim,Davis,ibrahim731@gmail.com,Male,1178856781,French Polynesia,23/05/2004
845,Leena,Fritz,leena962@gmail.com,Female,3691172010,Cuba,02/02/1984
846,Yusuf,Smith,yusuf490@gmail.com,Male,8038755980,United States Virgin Islands,12/09/1999
847,Ahmed,Green,ahmed508@gmail.com,Male,2947491265,Nepal,04/01/1964
848,Sana,Pierce,sana406@gmail.com,Female,1889408912,Eritrea,31/12/1948
849,Yusuf,Lewis,yusuf452@gmail.com,Male,6268045909,Saint Lucia,16/04/1951
850,Ayaan,Dawson,ayaan579@gmail.com,Male,6939697414,Thailand,03/05/1976
851,Ali,Peterson,ali959@gmail.com,Male,6880566662,Sudan,12/11/1958
852,Leena,Miller,leena133@gmail.com,Female,6303379132,Sweden,01/10/1968
853,Aisha,Chavez,aisha530@gmail.com,Female,9300915658,Aruba,06/04/1957
854,Yusuf,Patel,yusuf603@gmail.com,Male,4075025579,United Arab Emirates,23/04/1974
855,Ibrahim,Gonzales,ibrahim971@gmail.com,Male,8965709689,Cameroon,05/10/1947
856,Leena,Johnson,leena639@gmail.com,Female,8071015423,Philippines,19/08/1962
857,Hamza,Obrien,hamza762@gmail.com,Male,3020770273,New Zealand,18/06/1998
858,Ahmed,Martin,ahmed225@gmail.com,Male,8019416133,Fiji,05/11/1970
859,Hafsa,Campbell,hafsa796@gmail.com,Female,7464685825,Pitcairn Islands,28/05/1958
860,Ahmed,King,ahmed838@gmail.com,Male,9867820758,Liberia,31/12/1974
861,Ayaan,Foster,ayaan837@gmail.com,Male,6807749470,Antarctica (the territory South of 60 deg S),19/08/1992
862,Maryam,Gray,maryam358@gmail.com,Female,8251202694,Zimbabwe,19/12/1999
863,Ahmed,Hernandez,ahmed279@gmail.com,Male,2167923831,Morocco,20/04/1975
864,Noor,Phillips,noor126@gmail.com,Female,1089484157,Cayman Islands,19/11/1943
865,Fatima,Lopez,fatima199@gmail.com,Female,2807718878,Paraguay,04/10/1944
866,Noor,Wade,noor775@gmail.com,Female,8899326840,Czech Republic,18/02/1976
867,Yusuf,Sexton,yusuf889@gmail.com,Male,8409916650,Maldives,09/05/1952
868,Leena,Smith,leena107@gmail.com,Female,3468570644,Cote d'Ivoire,15/10/1996
869,Fatima,Taylor,fatima486@gmail.com,Female,5809991084,Mauritius,14/08/2002
870,Hadia,Lopez,hadia198@gmail.com,Female,7106523509,Solomon Islands,24/10/1960
871,Ali,Tucker,ali724@gmail.com,Male,9944607378,Cambodia,21/03/1987
872,Ali,Stanton,ali532@gmail.com,Male,1924762520,Micronesia,29/09/1993
873,Ayaan,Brown,ayaan245@gmail.com,Male,7888648628,Tanzania,09/01/1946
874,Ibrahim,Rogers,ibrahim792@gmail.com,Male,9741160046,Ukraine,08/02/1984
875,Ibrahim,Boyd,ibrahim986@gmail.com,Male,7865282555,Cote d'Ivoire,12/12/1998
876,Sana,Welch,sana350@gmail.com,Female,8471076520,Costa Rica,15/05/1992
877,Ayaan,Murray,ayaan437@gmail.com,Male,1755291264,Djibouti,09/10/1989
878,Omar,Cummings,omar294@gmail.com,Male,9162473531,Wallis and Futuna,22/05/1997
879,Fatima,Jackson,fatima341@gmail.com,Female,8365038780,Comoros,15/01/2000
880,Ahmed,Collins,ahmed261@gmail.com,Male,2959125873,Uzbekistan,04/05/1963
881,Hamza,Taylor,hamza842@gmail.com,Male,9810382663,New Zealand,20/07/1985
882,Ibrahim,Meyer,ibrahim928@gmail.com,Male,3387859897,Swaziland,25/08/1946
883,Hamza,Baker,hamza388@gmail.com,Male,1296024126,Uzbekistan,25/06/1983
884,Ali,Sullivan,ali336@gmail.com,Male,9251066698,Uruguay,01/11/2001
885,Aisha,Allen,aisha671@gmail.com,Female,6326449657,Namibia,17/07/1976
886,Leena,Moody,leena681@gmail.com,Female,1632141679,Australia,03/09/1945
887,Ali,Patel,ali110@gmail.com,Male,6978414036,Saudi Arabia,27/02/1967
888,Zain,Giles,zain358@gmail.com,Male,8328760430,Canada,06/07/1979
889,Yusuf,Yates,yusuf556@gmail.com,Male,1440467229,Algeria,28/06/1949
890,Fatima,Scott,fatima689@gmail.com,Female,1732310918,Estonia,28/09/1985
891,Hafsa,Thomas,hafsa420@gmail.com,Female,1297918904,Tunisia,28/12/1983
892,Sana,Williams,sana780@gmail.com,Female,4426421917,Cameroon,27/06/1981
893,Ahmed,Cook,ahmed643@gmail.com,Male,8672023220,Taiwan,06/02/1945
894,Ahmed,Hester,ahmed852@gmail.com,Male,1489091650,Bhutan,08/06/1958
895,Zara,Lang,zara627@gmail.com,Female,6306400011,Maldives,27/05/1964
896,Aisha,Pena,aisha992@gmail.com,Female,3007869824,Jersey,30/05/1951
897,Maryam,Stewart,maryam144@gmail.com,Female,4903573832,Libyan Arab Jamahiriya,10/05/1983
898,Ayaan,Stevenson,ayaan443@gmail.com,Male,7890935435,United Kingdom,03/03/1955
899,Omar,Clark,omar405@gmail.com,Male,7723027253,Canada,05/03/2004
900,Zain,Stephens,zain109@gmail.com,Male,5178527159,Turkey,05/04/1960
901,Ali,Conner,ali189@gmail.com,Male,1425307798,Libyan Arab Jamahiriya,03/01/1978
902,Yusuf,Smith,yusuf785@gmail.com,Male,5771494179,British Indian Ocean Territory (Chagos Archipelago),30/11/1992
903,Hamza,Martin,hamza916@gmail.com,Male,8303436034,Burundi,23/04/2000
904,Khalid,Mccormick,khalid909@gmail.com,Male,9497656735,Guinea-Bissau,02/08/2006
905,Hafsa,Nielsen,hafsa121@gmail.com,Female,1179416505,Liechtenstein,17/12/1975
906,Omar,Smith,omar956@gmail.com,Male,1490055677,Seychelles,27/06/2002
907,Ayaan,Carter,ayaan760@gmail.com,Male,6132472670,Martinique,19/01/1953
908,Aisha,Sparks,aisha914@gmail.com,Female,5565862221,French Southern Territories,02/05/1944
909,Leena,Stanley,leena626@gmail.com,Female,1085389284,Gabon,01/11/1945
910,Noor,Vang,noor561@gmail.com,Female,4984481025,Greenland,08/04/1955
911,Khalid,Stephenson,khalid294@gmail.com,Male,5461705435,Cayman Islands,31/07/2000
912,Zara,Powell,zara859@gmail.com,Female,7994312661,Saint Martin,29/11/2005
913,Noor,Mann,noor565@gmail.com,Female,4437658082,Antigua and Barbuda,25/09/1971
914,Zain,Edwards,zain852@gmail.com,Male,5638049991,Jersey,15/02/1977
915,Khalid,Livingston,khalid663@gmail.com,Male,1775527784,Italy,31/08/1990
916,Noor,Beard,noor681@gmail.com,Female,9771774423,Netherlands Antilles,12/05/1955
917,Ayaan,Lee,ayaan784@gmail.com,Male,7877521457,British Virgin Islands,14/12/1967
918,Omar,Anderson,omar947@gmail.com,Male,6755033378,Greenland,05/08/1966
919,Hamza,Mclean,hamza498@gmail.com,Male,1789993137,Guatemala,03/07/1985
920,Omar,Thompson,omar334@gmail.com,Male,9668036303,Jordan,20/12/1990
921,Hassan,Davis,hassan343@gmail.com,Male,3967861098,Andorra,26/03/1969
922,Ali,Davidson,ali863@gmail.com,Male,2379539242,Antarctica (the territory South of 60 deg S),01/09/1947
923,Omar,Stewart,omar424@gmail.com,Male,5898040592,Christmas Island,20/09/1989
924,Inaya,Davis,inaya372@gmail.com,Female,2690816444,Kyrgyz Republic,19/06/1981
925,Zain,Lopez,zain862@gmail.com,Male,7868072445,Korea,08/01/1959
926,Ali,Little,ali796@gmail.com,Male,1726581549,Qatar,01/04/1970
927,Hamza,Lopez,hamza753@gmail.com,Male,5514029816,Gibraltar,19/10/1950
928,Fatima,Martin,fatima480@gmail.com,Female,7093515014,Zambia,24/12/1996
929,Khalid,White,khalid822@gmail.com,Male,3997159580,Djibouti,09/04/1970
930,Yusuf,Wilson,yusuf651@gmail.com,Male,1118565214,Bolivia,28/10/1944
931,Sana,Rosario,sana256@gmail.com,Female,6473272599,Finland,24/08/2003
932,Omar,Duran,omar346@gmail.com,Male,2478285439,Singapore,16/02/1961
933,Hafsa,Harvey,hafsa752@gmail.com,Female,1507360523,Mozambique,19/07/1979
934,Zain,King,zain338@gmail.com,Male,7841240676,Turkey,18/06/1992
935,Yusuf,Richard,yusuf993@gmail.com,Male,4752946329,Romania,12/11/1949
936,Maryam,Sloan,maryam728@gmail.com,Female,9891929214,Maldives,12/02/1997
937,Maryam,Franklin,maryam768@gmail.com,Female,4670212880,Northern Mariana Islands,04/06/1952
938,Omar,Welch,omar195@gmail.com,Male,1643801720,Guernsey,28/06/2003
939,Ahmed,Mclaughlin,ahmed833@gmail.com,Male,5111778835,Belgium,17/10/1982
940,Zain,Bell,zain807@gmail.com,Male,5031066605,Senegal,06/03/1966
941,Fatima,Peters,fatima475@gmail.com,Female,8734192485,Liechtenstein,07/07/1958
942,Ayaan,Campbell,ayaan985@gmail.com,Male,1225820866,Algeria,28/12/1974
943,Inaya,Middleton,inaya195@gmail.com,Female,6036966077,Vanuatu,18/04/1972
944,Inaya,Wright,inaya515@gmail.com,Female,5208786273,Guernsey,13/02/1980
945,Khalid,Rios,khalid839@gmail.com,Male,9185938362,Western Sahara,07/12/1974
946,Hadia,Gonzalez,hadia763@gmail.com,Female,9842663512,Marshall Islands,08/08/1979
947,Ali,Tran,ali334@gmail.com,Male,1959365326,Hong Kong,29/09/1950
948,Ayaan,Rodriguez,ayaan560@gmail.com,Male,8488360549,Saint Martin,03/03/1951
949,Ahmed,Harris,ahmed920@gmail.com,Male,2579344520,Cape Verde,11/11/1958
950,Inaya,Roberts,inaya113@gmail.com,Female,8216218106,Turkey,05/09/1983
951,Omar,Vasquez,omar519@gmail.com,Male,2069887291,Marshall Islands,13/06/1979
952,Ahmed,Foley,ahmed853@gmail.com,Male,2069836273,Ethiopia,20/03/1969
953,Hafsa,Preston,hafsa446@gmail.com,Female,9094230001,Argentina,24/03/1985
954,Zain,Dyer,zain200@gmail.com,Male,6911464511,Algeria,19/06/1958
955,Ali,Macias,ali729@gmail.com,Male,8883662327,Japan,16/01/1952
956,Ayaan,Bowman,ayaan502@gmail.com,Male,8010640078,Cocos (Keeling) Islands,29/08/1986
957,Ayaan,Mitchell,ayaan152@gmail.com,Male,1764794290,Spain,09/11/1960
958,Ibrahim,Adams,ibrahim925@gmail.com,Male,7191356955,South Georgia and the South Sandwich Islands,04/07/1978
959,Zain,Harrison,zain382@gmail.com,Male,4301255291,Cape Verde,08/09/1987
960,Ahmed,Martinez,ahmed919@gmail.com,Male,2606717142,Macao,07/10/2002
961,Omar,Hall,omar477@gmail.com,Male,5602437339,Trinidad and Tobago,22/10/1989
962,Ali,Hicks,ali391@gmail.com,Male,8584492346,Switzerland,31/01/1965
963,Aisha,Swanson,aisha968@gmail.com,Female,9279856898,Israel,23/05/1954
964,Sana,Walker,sana603@gmail.com,Female,8353466988,Turkmenistan,25/07/1972
965,Hassan,Harris,hassan356@gmail.com,Male,8453988367,Greece,26/04/2005
966,Sana,Villanueva,sana805@gmail.com,Female,1934122198,Afghanistan,31/05/1957
967,Sana,Jones,sana590@gmail.com,Female,2055033015,Kenya,28/02/1997
968,Ayaan,Wells,ayaan310@gmail.com,Male,1348536627,Greenland,22/11/1996
969,Noor,Green,noor509@gmail.com,Female,1236348433,Benin,04/08/1980
970,Fatima,Edwards,fatima434@gmail.com,Female,1531373137,Kyrgyz Republic,01/02/1986
971,Aisha,Wilson,aisha369@gmail.com,Female,7949261437,Eritrea,07/09/1980
972,Zain,Curtis,zain543@gmail.com,Male,1741852969,British Virgin Islands,09/08/1959
973,Omar,Rosales,omar446@gmail.com,Male,1491557841,India,01/10/1992
974,Ayaan,Rowe,ayaan213@gmail.com,Male,2843706621,Kiribati,08/03/1964
975,Hassan,Valdez,hassan530@gmail.com,Male,3769705480,Armenia,18/05/1967
976,Hafsa,Rodriguez,hafsa915@gmail.com,Female,7164107730,Micronesia,07/05/1981
977,Maryam,Michael,maryam464@gmail.com,Female,6727050970,Cote d'Ivoire,09/04/1997
978,Noor,Cook,noor434@gmail.com,Female,1636779159,Venezuela,13/03/2001
979,Zara,Prince,zara897@gmail.com,Female,6096984650,Guatemala,19/01/1955
980,Inaya,Lee,inaya451@gmail.com,Female,6276105499,Lithuania,29/05/1958
981,Sana,Wagner,sana311@gmail.com,Female,7894826011,Denmark,30/11/1951
982,Aisha,Guerra,aisha699@gmail.com,Female,8416861773,South Georgia and the South Sandwich Islands,16/02/1973
983,Leena,Evans,leena360@gmail.com,Female,7861884778,Portugal,28/03/1976
984,Ayaan,Brown,ayaan912@gmail.com,Male,9442771592,Malta,15/03/1995
985,Zara,Castillo,zara388@gmail.com,Female,4524591374,Mongolia,26/04/1985
986,Khalid,Martinez,khalid756@gmail.com,Male,5201610526,Costa Rica,01/03/1966
987,Omar,Lin,omar727@gmail.com,Male,2175064721,Canada,08/08/2005
988,Maryam,Burton,maryam528@gmail.com,Female,4745773412,Christmas Island,10/02/1999
989,Hafsa,Williams,hafsa362@gmail.com,Female,6058792653,Taiwan,13/10/1980
990,Aisha,Stephens,aisha881@gmail.com,Female,8638349829,Belize,28/05/1956
991,Yusuf,Vasquez,yusuf216@gmail.com,Male,4406209485,Cyprus,21/07/1996
992,Leena,Perez,leena169@gmail.com,Female,9905393066,Ireland,28/10/1943
993,Hadia,Castro,hadia362@gmail.com,Female,2021505347,United States Minor Outlying Islands,03/05/1985
994,Hassan,Rogers,hassan981@gmail.com,Male,4996630817,Falkland Islands (Malvinas),02/06/1962
995,Inaya,Schmitt,inaya422@gmail.com,Female,9964408165,Poland,13/10/1953
996,Noor,Wells,noor308@gmail.com,Female,1943750197,Zimbabwe,29/08/1982
997,Aisha,Kennedy,aisha303@gmail.com,Female,1379956747,Benin,28/09/1974
998,Hafsa,Richardson,hafsa613@gmail.com,Female,1270191387,Pitcairn Islands,15/01/2000
999,Noor,Johnson,noor341@gmail.com,Female,7834098707,Ukraine,16/03/1962
1000,Hamza,Pearson,hamza775@gmail.com,Male,3321348475,Northern Mariana Islands,26/04/1956
